Brand,Product,Ingredients,Item Link
SUN BUM,Sunscreen Spray SPF 15,"['Active: Avobenzone 3.00%', ' Homosalate 6.00%', ' Octisalate 5.00%', ' Octocrylene 2.00%  Inactive: Alcohol Denat.', ' C12-15 Alkyl Benzoate', ' Acrylates/Octylacrylamide Copolymer', ' PPG-5-Ceteth-20', ' Fragrance', ' Tocopherol</div>']",https://www.ulta.com/sunscreen-spray-spf-15?productId=xlsImpprod5080045
NEUTROGENA,Beach Defense Sunscreen Spray SPF 30,"['SPF 30: Avobenzone', ' Homosalate', ' Octisalate', 'Octocrylene', ' Oxybenzone', ' Alcohol Denat.', ' Isobutane', ' Dimethicone', ' Acrylates/Octylacrylamide Copolymer', ' Trisiloxane', ' Diethylhexyl 2', '6-Naphthalate', ' Tocopheryl Acetate', ' Fragrance.<br/><br/>SPF 70: Avobenzone', ' Homosalate', ' Octisalate', ' Octocrylene', ' Oxybenzone', ' Alcohol Denat.', ' Isobutane', ' Octyldodecyl Neopentanoate', ' Acrylates/Octylacrylamide Copolymer', ' Diethylhexyl 2', ' 6-Naphthalate', ' Tocopheryl Acetate', ' Fragrance']",https://www.ulta.com/beach-defense-sunscreen-spray-spf-30?productId=xlsImpprod5080069
SUN BUM,Sunscreen Lotion SPF 70,"['Active: Avobenzone 3.00%', ' Octinoxate 5.00%', ' Octisalate 5.00%', ' Octocrylene 10.00%', ' Homosalate 10.00%  Inactive: Water', ' Beeswax', ' Hydrated Silica', ' Acrylates/C12-22 Alkyl Methacrylate Copolymer', ' Caprylyl Methicone', ' Styrene/Acrylates Copolymer', ' Cetyl Dimethicone', ' Glyceryl Stearate', ' PEG-100 Stearate', ' Polyester-8', ' BHT', ' Dimethicone\nDimethyl Capramide', ' Dipotassium Glycyrrhizate', ' Disodium EDTA', ' Ethylhexyl Stearate', ' Ethylhexylglycerin', ' Fragrance', ' Methylisothiazolinone', ' Polyaminopropyl Biguanide', ' Sodium Polyacrylate', ' Trideceth-6', ' Trimethylsiloxysilicate', ' Tocopheryl Acetate', ' Xanthan Gum</div>']",https://www.ulta.com/sunscreen-lotion-spf-70?productId=xlsImpprod11281077
BELLI,Online Only All Day Moisturizer Body Lotion,"['Deionized Water', ' Glyceryl Stearate (and) PEG-100 Stearate', ' C12-15 Alkyl Benzoate', ' Isopropyl Myristate', ' Sodium PCA', ' Glycerine', ' Cetearyl Alcohol (and) Ceteareth-20', ' Stearyl Alcohol', ' Cetyl Alcohol', ' Citrus Medica Limonum (Lemon) Peel Oil', ' Phenoxyethanol', ' Vitis Vinifera (Grape) Seed Oil', ' Simmondsia Chinensis (Jojoba) Seed Oil', ' Chamomilla Recutita (Chamomile) Matricaria Flower Extract', ' Chondrus Crispus (Carrageenan) (and) Glucose', ' Xanthan Gum', ' Tocopheryl Acetate (Vitamin E)', ' Iodopropynyl  Butylcarbamate (and) Glycereth-2 Cocoate']",https://www.ulta.com/all-day-moisturizer-body-lotion?productId=xlsImpprod6480374
BABO BOTANICALS,Online Only Sheer Non-Nano Zinc Continuous Spray SPF 30 Fragrance Free Mineral Sunscreen,"['Active Ingredient: Zinc Oxide 12%. Inactive Ingredients: Aloe Barbadensis Leaf Juice', ' Bentonite', ' Butyloctyl Salicylate', ' Calendula Officinalis Flower Extract*', ' Caprylhydroxamic Acid', ' Caprylyl Glycol', ' Carthamus Tinctorius (Safflower) Seed Oil', ' Cetearyl Alcohol', ' Chamomilla Recutita (Matricaria) Flower Extract*', ' Coco Glucoside', ' Glycerin', ' Helianthus Annuus (Sunflower) Seed Oil', ' Heptyl Undecylenate', ' Jojoba Esters', ' Methyl Dihydroabietate', ' Nasturtium Officinale Flower/Leaf Extract*', ' Pueraria Lobata Root Extract*', ' Spiraea Ulmaria Flower Extract*', ' Water']",https://www.ulta.com/sheer-non-nano-zinc-continuous-spray-spf-30-fragrance-free-mineral-sunscreen?productId=xlsImpprod15791069
BABO BOTANICALS,Online Only Oatmilk Calendula Moisturizing Bubble Bath and Wash,"['Anthemis Nobilis (Chamomile Tea) Infusion', ' Aloe Barbadensis (Aloe Leaf Juice*', ' Decyle Glucoside', ' Lauryl Glucoside (From Sugar)', ' Glycerin (Vegetable)', ' Avena Sativa Kernel (Oat) Extract', ' Extracts of Calendula Officinalis (Calendula) Flower*', ' Matricaria Recutita (Chamomile) Flower*', ' Pueraria Lobota (Kudzu) Root)*', ' Spiraea Ulmaria (Meadowsweet) Flower*', ' Nasturtium Officinale (Wild-Crafted Watercress)', ' Chondrus Crispus (Carrageenan) Extract', ' Sodium Benzoate', ' Potassium Sorbate (Food Grade Perservative)', ' Sodium Phytate (Rice Bran Extract)']",https://www.ulta.com/oatmilk-calendula-moisturizing-bubble-bath-wash?productId=xlsImpprod6390725
NEUTROGENA,Sensitive Skin Sunblock Lotion SPF 60,"['Active Ingredients:\xa0Titanium Dioxide (4.9%)', ' Zinc Oxide (4.7%). Inactive Ingredients:\xa0Alumina', ' Arachidyl Alcohol', ' Arachidyl Glucoside', ' Ascorbic Acid', ' Beeswax', ' Behenyl Alcohol', ' Benzyl Alcohol', ' BHT', ' Bisobolol', ' Butylene Glycol', ' Butyloctyl Salicylate', ' Cetyl Dimethicone', ' Dimethicone', ' Dimethicone PEG 8 Laurate', ' Dipotassium Glycyrrhizate', ' Disodium EDTA', ' Ethylhexylglycerin', ' Glyceryl Stearate', ' Hydroxyethyl Acrylate/Sodium Acryloyldimethyl Taurate Copolymer', ' Isohexadecane', ' Methicone', ' Methylisothiazolinone', ' Pantothenic Acid', ' PEG 100 Stearate', ' PEG 8', ' Polyaminopropyl Biguanide', ' Polyhydroxystearic Acid', ' Polymethyl Methacrylate', ' Polysorbate 60', ' Retinyl Palmitate', ' Silica', ' Stearic Acid', ' Styrene/Acrylates Copolymer', ' Tocopheryl Acetate', ' Triethoxycaprylylsilane', ' Trimethylsiloxysilicate', ' Trisiloxane', ' Water', ' Xanthan Gum']",https://www.ulta.com/sensitive-skin-sunblock-lotion-spf-60?productId=xlsImpprod1660013
SUN BUM,Sunscreen Spray SPF 70,"['Active: Avobenzone 3.00%', ' Homosalate 10.00%', ' Octisalate 5.00%', ' Octocrylene 10.00%  Inactive: Alcohol Denat.', ' Polyester-8', ' Acrylates/Octylacrylamide Copolymer', ' Dimethicone', ' PPG-5-Ceteth-20', ' Acrylates/Dimethicone Copolymer', ' Cyclopentasiloxane', ' Polycrylene (Polyester-8)', ' Fragrance', ' Tocopheryl Acetate', ' Trisiloxane', ' Ascorbyl Palmitate</div>']",https://www.ulta.com/sunscreen-spray-spf-70?productId=xlsImpprod13681669
NEUTROGENA,Beach Defense Sunscreen Lotion SPF 70,"['Avobenzone', ' Homosalate', ' Octisalate', ' Octocrylene', ' Oxybenzone', ' Water', ' Styrene/Acrylates Copolymer', ' Dimethicone', ' Potassium Cetyl Phosphate', ' Benzyl Alcohol', ' Silica', ' Diethylhexyl 2', '6-Naphthalate', ' Dimethicone/PEG-10/15 Crosspolymer', ' Trisiloxane', ' Cetyl Dimethicone', ' Beeswax', ' Ethylhexylglycerin', ' Sodium Polyacrylate', ' Xanthan Gum', ' Ethylhexyl Stearate', ' Acrylates/C12-22 Alkyl Methacrylate Copolymer', ' Behenyl Alcohol', ' Trideceth-6', ' Disodium EDTA', ' Glyceryl Stearate', ' PEG-100 Stearate', ' Caprylyl Glycol', ' Chlorphenesin', ' Fragrance']",https://www.ulta.com/beach-defense-sunscreen-lotion-spf-70?productId=xlsImpprod11281065
SHEAMOISTURE,Online Only Olive & Marula Baby Head To Toe Lotion,"['Water', ' Caprylic/Capric Triglyceride', ' Butyrospermum Parkii (Shea) Butter***', ' Glyceryl Stearate', ' Glycerin (Vegetable)', ' Cetyl Alcohol', '  Glyceryl Stearate Citrate', ' Cetearyl Alcohol', ' Glyceryl Caprylate', ' Fragrance (Essential Oil Blend)', ' Olea Europaea (Olive) Fruit Oil', ' Simmondsia Chinensis (Jojoba) Seed Oil', ' Theobroma Cacao (Cocoa) Seed Butter', ' Aloe Barbadensis Leaf Juice', ' Persea Gratissima (Avocado) Oil', ' Sclerocarya Birrea Seed Oil', '  Bisabolol', ' Panthenol', '  Allantoin', ' Borago Officinalis Seed Oil', ' Tocopheryl Acetate', '  Hydrogenated Vegetable Oil', ' Glyceryl Undecylenate']",https://www.ulta.com/olive-marula-baby-head-toe-lotion?productId=xlsImpprod14221029
NEUTROGENA,Age Shield Face Sunblock SPF 70,"['Active: Avobenzone 3%', ' Homosalate 15%', ' Octisalate 5%', ' Octocrylene 2.8%', ' Oxybenzone 6%...Purpose: Sunscreen. Inactive: Water', ' Styrene/Acrylates Copolymer', ' Silica', ' Diethylhexyl 2', ' 6-Naphthalate', ' Beeswax', ' Caprylyl Methicone', ' Cetyl Dimethicone', ' Ethylhexyglycerin', ' Glyceryl Stearate', ' PEG-100 Stearate', ' Sodium Polyacrylate', ' Caprylyl Glycol', ' Acrylates/C12-22 Alkyl Methacrylate Copolymer', ' Ethylhexyl Stearate', ' Dimethicone', ' Xanthan Gum', ' Trimethysiloxysilicate', ' Disodium EDTA', ' Tanacetum Parthenium (Feverfew) Leaf/Flower/Stem Juice', ' Dipotassium Glycyrrhizate', ' BHT', ' Trideceth-6', ' Tocopherol', ' Glycine Soja (Soybean) Seed Extract', ' Polyaminopropyl Biguanide', ' Methylisothiazolinone', ' Fragrance']",https://www.ulta.com/age-shield-face-sunblock-spf-70?productId=xlsImpprod640120
SUN BUM,Sunscreen Lotion SPF 15,"['Active: Avobenzone 2.00%', ' Homosalate 5.00%', ' Octisalate 2.00%', ' Octocrylene 10.00%  Inactive: Water', ' Butyloctyl Salicylate', ' Hydrated Silica', ' Styrene/Acrylates Copolymer', ' Dimethicone', ' VP/Hexadecene Copolymer', ' Polyester-8', ' Caprylyl Methicone', ' Ethylhexyl Stearate', ' Trideceth-6', ' Glyceryl Stearate', ' PEG-100 Stearate', ' Fragrance', ' Sodium Polyacrylate', ' Behenyl Alcohol', ' Dimethyl Capramide', ' Ethylhexylglycerin', ' Trimethylsiloxysilicate', ' Xanthan Gum', ' Polyaminopropyl Biguanide', ' Tocopheryl Acetate', ' BHT', ' Disodium EDTA', ' Methylisothiazolinone</div>']",https://www.ulta.com/sunscreen-lotion-spf-15?productId=xlsImpprod5080043
NEUTROGENA,Ultra Sheer Face + Body Stick Sunscreen Broad Spectrum SPF 70,"['Active: Avobenzone 3%', ' Homosalate 15%', ' Octisalate 5%', ' Octocrylene 10%', ' Oxybenzone 3%...Purpose: Sunscreen. Inactive: Adipic Acid/Diglycol Crosspolymer', ' Beeswax', ' BHT', ' C12-15 Alkayl Benzoate', ' Caprylyl Glycol', ' Diethylhexyl 2', '6-Naphthalate', ' Fragrance', ' Neopentyl Glycol Diethylhexanoate', ' Neopentyl Glycol Diisostearate', ' Octyldodecyl Neopentanoate', ' Ozokerite', ' Paraffin', ' Polyethylene', ' Silica']",https://www.ulta.com/ultra-sheer-face-body-stick-sunscreen-broad-spectrum-spf-70?productId=xlsImpprod6400562
BABO BOTANICALS,Online Only Sensitive Baby Fragrance Free Shampoo & Wash For Sensitive & Eczema-Prone Skin,"['Aloe Barbadensis Leaf Juice', ' Sodium Cocoamphoacetate (From Coconut Oil)', ' Sodium Lauryl Glucose Carboxylate (Sugar Based)', ' Lauryl Glucoside (From Sugar and Coconut)', ' Sodium Chloride', ' Coco Glucoside (From Sugar and Coconut)', ' Glyceryl Oleate (From Sugar and Coconut) ', ' Hydrolyzed Oat Protein', ' Calendula of Cinalis Flower Extract*', ' Chamomilla Recutita (Matricaria) Flower<br/>  Extract*', ' Nasturtium Officinale (Watercress) Flower/Leaf Extract*', ' Pueraria Lobata (Kudzu) Root Extract*', ' Spiraea Ulmaris (Meadowsweet) Flower Extract*', '  Citric Acid', ' Sodium Dehydroacetate', ' Vegetable Glycerin', ' Sodium Gluconate', '  Cocos Nucifera (Coconut) Oil', ' Theobroma Cacao (Cocoa) Seed Butter', '  Butyrospermum Parkii (Shea) Butter']",https://www.ulta.com/sensitive-baby-fragrance-free-shampoo-wash-sensitive-eczema-prone-skin?productId=xlsImpprod18391083
NEUTROGENA,Clear Face Liquid-Lotion Sunblock,"['Active: Avobenzone', ' Homosalate', ' Octisalate', ' Octocrylene', ' Oxybenzone. Inactive: Acrylates/Dimethicone Copolymer', ' BHT', ' Bisabolol', ' Butylene Glycol', ' C12-15 Alkyl Benzoate', ' Capryloyl Glycine', ' Caprylyl Glycol', ' Cedrus Atlantica Bark Extract', ' Cetyl Dimethicone', ' Chlorphenesin', ' Cinnamomum Zeylanicum Bark Extract', ' Diethylhexyl 2', '6-Naphthalate', ' Dimethicone', ' Disodium EDTA', ' Ethylhexyl Stearate', ' Ethylhexylglycerin', ' Mannan', ' Neopentyl Glycol Diheptanoate', ' Phenoxyethanol', ' Polyester-7', ' Portulaca Oleracea Extract', ' Propylene Glycol', ' Sarcosine', ' Silica', ' Sodium Polyacrylate', ' Staereth-100', ' Steareth-2', ' Styrene/Acrylates', ' Copolymer', ' Tridaceth-6', ' Xanthan Gum']",https://www.ulta.com/clear-face-liquid-lotion-sunblock?productId=xlsImpprod4150023
BABO BOTANICALS,Online Only Super Shield Non-Nano Zinc SPF 50 Fragrance Free Mineral Sunscreen,"['Active Ingredients: Zinc Oxide 17.0%. Inactive Ingredients: Beeswax*', ' Bisabolol', ' Butyrospermum Parkii (Shea Butter)*', ' Calophyllum Tacamahaca Seed Oil*', ' Cannabis Sativa Seed Oil*', ' Euphorbia Cerifera (Candelilla) Wax', ' Jojoba Esters', ' Octyldodecyl Olivate', ' Oryza Sativa (Rice) Bran Oil*', ' Oryzanol', ' Persea Gratissima (Avocado) Oil*', ' Simmondsia Chinensis (Jojoba) Seed Oil*', ' Theobroma Cacao (Cocoa) Seed Butter*', ' Tocopherol']",https://www.ulta.com/super-shield-non-nano-zinc-spf-50-fragrance-free-mineral-sunscreen?productId=xlsImpprod15791071
BABO BOTANICALS,Online Only Moisturizing Baby Lotion,"['Purified Water (Agua)', ' Helianthus Annuus (Sunflower) Seed Oil*', ' Carthamus Tinctorius (Safflower) Seed Oil*', ' Vegetable Emulsifying Wax NF', ' Glyceryl Stearate SE (Vegetable) ', ' Glycerine (Vegetable)', ' Colloidal Oatmeal', ' Butyrospermum Parkii (Shea Butter) Fruit', ' Glucono Delta Lactone (Sugar)', ' Organic Calendula Officinalis*', ' D-Alph Tocopherol (Vitamin E)', ' Glyceryl Caprylate (Vegetable &amp; Fruit)', ' Carrageenan (Red Seeweed)', ' Evening Primrose (Oenothera Biennis) Oil', ' Beeswax', ' Vegetable Cetyl Alcohol (Coconut)', ' Organic Anthemis Nobilis (Chamomile) Flower Extract*', ' Wildcrafted Nasturtium Officinale (Watercress) Extract*', ' Organic Pueraria Lobata (Kudzu) Root Extract*', ' Potassium Sorbate (Food Grade Preservative)', ' Natural Essential Oil Blend of Vanilla and Cedarwood *Certified Organic Ingredients</div>']",https://www.ulta.com/moisturizing-baby-lotion?productId=xlsImpprod2360141
BABO BOTANICALS,Online Only Nutri-Soothe Lip Treatment SPF 15 Mineral Sunscreen Lip Balm,"['Active Ingredients:  Titanium Dioxide 1.7%', ' Zinc Oxide 0.7%. Inactive Ingredients: Beeswax*', ' Bisabolol', ' Butyrospermum Parkii (Shea Butter)*', ' Calendula Officinalis Flower Extract*', ' Chamomilla Recutita (Matricaria) Flower Extract*', ' Euphorbia Cerifera (Candelilla) Wax', ' Natural Flavor', ' Helianthus Annuus (Sunflower) Seed Oil*', ' Jojoba Esters', ' Nasturtium Officinale Flower/Leaf Extract*', ' Octyldodecyl Olivate', ' Oryza Sativa (Rice) Bran Oil*', ' Oryzanol', ' Persea Gratissima (Avocado) Oil*', ' Pueraria Lobata Root Extract* Silica', ' Simmondsia Chinensis (Jojoba) Seed Oil*', ' Spiraea Ulmaria Flower Extract*', ' Theobroma Cacao (Cocoa) Seed Butter*', ' Tocopherol *Certified Organic Ingredients</div>']",https://www.ulta.com/nutri-soothe-lip-treatment-spf-15-mineral-sunscreen-lip-balm?productId=xlsImpprod15791065
BABO BOTANICALS,Online Only Moisturizing Conditioner,"['Purified Water (Aqua)', ' Aloe Vera (Aloe Barbadensis) Leaf Juice*', ' Cetearyl Alcohol', ' Behentrimonium Chloride', ' Vegetable Glycerin', ' Stearalkonium Chloride', ' Oat (Avena Sativa) Kernel Flour', ' Virgin Coconut (Cocos Nucifera) Oil*', ' Delta Gluconolactone', ' Isoamyl Laurate', ' Cetearyl Glucoside', ' Calendula (Calendula Officinalis) Flower Extract*', ' Chamomile (Anthemis Nobilis) Flower Extract*', ' Meadowsweet (Spiraea Ulmaria) Flower Extract*', ' Wildcrafted Watercress (Nasturtium Officinale) Leaf Extract', ' Kudzu (Pueraria Lobata) Root Extract*', ' Shea (Butyrospermum Parkii) Butter', ' Panthenol (Provitamin B5)', ' Glyceryl Stearate', ' L-arginine', ' Phenthyl Alcohol', ' Sorbitan Olivate', ' Guar Hydroxypropyltrimonium Chloride', ' Hydroxypropyl Methylcellulose', ' Cedarwood (Cedrus Atlantica) Oil', ' Tonka Bean Extract', ' Bergamot (Citrus Aurantium Bergamia) Fruit Extract', ' Vanilla (Vanilla Planifolia Flower) Extract', ' Ethyl Lauroyl Arginate Hcl', ' Ethylhexylglycerin', ' D-alpha Tocopherol', ' Acetate', ' Vegetable Derived Lactic Acid']",https://www.ulta.com/moisturizing-conditioner?productId=xlsImpprod14311011
NEUTROGENA,Sheer Zinc Face Lotion SPF 50,,https://www.ulta.com/sheer-zinc-face-lotion-spf-50?productId=xlsImpprod15721137
NEUTROGENA,Ultra Sheer Dry-Touch Sunblock,"['Active Ingredients: Avobenzone 2%', ' Homosalate 15%', ' Octinoxate 7.5%', ' Octisalate 5%', ' Oxybenzone 6%. Inactive Ingredients: Water', ' Silica', ' Dimethicone', ' Adipic Acid / Diethylene Glycol / Glycerin Crosspolymer', ' VP-Hexadecene Copolymer', ' Hydroxyethyl Acrylate/Sodium Acryloyldimethyltaurate Copolymer', ' Glycerin', ' Oat (Aveena Sativa)  Kernel Extract', ' Squalane', ' Ascorbyl Palmitate', ' Retinyl Palmitate', ' Tocopheryl Acetate', ' BHT', ' Cetyl Dimethicone', ' Bisabolol', ' Dipotassium', ' Glycyrrhizate', ' Glyceryl Stearate', ' PEG-100 Stearate', ' Polysorbate 60', ' Tetrasodium EDTA', ' Butylene Glycol', ' Trimethylsiloxysilicate', ' Xanthan Gum', ' Benzyl Alcohol', ' Isopropylparaben', ' Isobutylparaben', ' Butylparaben', ' Phenoxyethanol', ' Fragrance']",https://www.ulta.com/ultra-sheer-dry-touch-sunblock?productId=fs794133
NEUTROGENA,Ultra Sheer Dry-Touch Sunblock SPF 85,"['Active Ingredients: Avobenzone 2%', ' Homosalate 15%', ' Octinoxate 7.5%', ' Octisalate 5%', ' Oxybenzone 6%. Inactive Ingredients: Water', ' Silica', ' Dimethicone', ' Adipic Acid / Diethylene Glycol / Glycerin Crosspolymer', ' VP-Hexadecene Copolymer', ' Hydroxyethyl Acrylate/Sodium Acryloyldimethyltaurate Copolymer', ' Glycerin', ' Oat (Aveena Sativa) Kernel Extract', ' Squalane', ' Ascorbyl Palmitate', ' Retinyl Palmitate', ' Tocopheryl Acetate', ' BHT', ' Cetyl Dimethicone', ' Bisabolol', ' Dipotassium', ' Glycyrrhizate', ' Glyceryl Stearate', ' PEG-100 Stearate', ' Polysorbate 60', ' Tetrasodium EDTA', ' Butylene Glycol', ' Trimethylsiloxysilicate', ' Xanthan Gum', ' Benzyl Alcohol', ' Isopropylparaben', ' Isobutylparaben', ' Butylparaben', ' Phenoxyethanol', ' Fragrance']",https://www.ulta.com/ultra-sheer-dry-touch-sunblock-spf-85?productId=xlsImpprod11281053
NEUTROGENA,Ultra Sheer Dry-Touch Sunblock SPF 70,"['Active Ingredients: Avobenzone 2%', ' Homosalate 15%', ' Octinoxate 7.5%', ' Octisalate 5%', ' Oxybenzone 6%. Inactive Ingredients: Water', ' Silica', ' Dimethicone', ' Adipic Acid / Diethylene Glycol / Glycerin Crosspolymer', ' VP-Hexadecene Copolymer', ' Hydroxyethyl Acrylate/Sodium Acryloyldimethyltaurate Copolymer', ' Glycerin', ' Oat (Aveena Sativa) Kernel Extract', ' Squalane', ' Ascorbyl Palmitate', ' Retinyl Palmitate', ' Tocopheryl Acetate', ' BHT', ' Cetyl Dimethicone', ' Bisabolol', ' Dipotassium', ' Glycyrrhizate', ' Glyceryl Stearate', ' PEG-100 Stearate', ' Polysorbate 60', ' Tetrasodium EDTA', ' Butylene Glycol', ' Trimethylsiloxysilicate', ' Xanthan Gum', ' Benzyl Alcohol', ' Isopropylparaben', ' Isobutylparaben', ' Butylparaben', ' Phenoxyethanol', ' Fragrance']",https://www.ulta.com/ultra-sheer-dry-touch-sunblock-spf-70?productId=xlsImpprod11281051
BELLI,Online Only Complexion Protection Duo,"['Anti-Blemish Facial Wash: Deionized Water', ' Disodium Laureth Sulfosuccinate', ' Sodium Lactate', ' Disodium Cocoamphodiacetate', ' Sodium PEG-7 Olive Oil Carboxylate', ' Glycerine', ' PEG-120 Methyl Glucose Dioleate', ' Sodium PCA', ' Lactic Acid', ' Olive Oil PEG-7 Esters', ' Phenoxyethanol', ' Camellia Sinensis (Green Tea) Leaf Extract', ' Cucumis Sativus (Cucumber) Fruit Extract', ' Citrus Medica Limonum (Lemon) Peel Oil', ' Xanthan Gum', ' Citric Acid', ' Iodopropynyl Butylcarbamate (and) Glycereth-2 Cocoate.<br/><br/>Pure Radiance Facial Sunscreen: Active: Titanium Dioxide 7%', ' Zinc Oxide 5%. Inactive: Butylene Glycol', ' C12-15 Alkyl Benzoate', ' Ceteareth-20', ' Cetearyl Alcohol', ' Cetyl Alcohol', ' Cyclomethicone', ' Deionized Water', ' Glycerine', ' Glycereth-2 Cocoate', ' Glyceryl Stearate', ' Hydrolyzed Collagen (Marine Derived)', ' Iodopropynyl Butylcarbamate', ' Iron Oxides', ' Isopropyl Palmitate', ' Octyldodecyl Neopentanoate', ' PEG-100 Stearate', ' Phenoxyethanol', ' Polyglyceryl-2 Diisostearate', ' Sodium PCA', ' Tocopheryl Acetate (Vitamin E)', ' Xanthan Gum']",https://www.ulta.com/complexion-protection-duo?productId=xlsImpprod6480388
BABO BOTANICALS,Online Only After Sun Soothing Hydrating Organic Aloe Gel,"['Aloe Barbadensis Leaf Juice*', ' Hamamelis Virginiana (Witch Hazel)', ' Glycerin*', ' Water/Aqua/Eau', ' Xanthan Gum', ' Hyaluronic Acid', ' Lavandula Angustifolia (Lavender) Oil', ' Arnica Montana (Arnica) Extract', ' Eucalyptus Globulus (Eucalyptus) Leaf Oil', ' Calendula Officinalis (Marigold) Flower Extract*', ' Chamomilla Recutita (Matricaria) Flower Extract*', ' Pueraria Lobata (Kudzu) Root Extract*', ' Spiraea Ulmaria (Meadowsweet) Flower Extract*', ' Nasturtium Officinale (Watercress) Flower/Leaf Extract*', ' Mentha Piperita (Natural) Fragrance', ' Sodium Phytate', ' Sodium Benzoate', ' Potassium Sorbate', ' Citric Acid', ' (Peppermint) Essential Oil', ' Camellia Sinensis (Green Tea) Extract']",https://www.ulta.com/after-sun-soothing-hydrating-organic-aloe-gel?productId=xlsImpprod18321121
COOLA,Mineral Baby SPF50 Lotion Unscented,"['Active Ingredients: Titanium Dioxide (Sunscreen) 7.3%', ' Zinc Oxide (Sunscreen) 4.3%.<br/><br/>Inactive Ingredients: Aloe Barbadensis Leaf Extract', ' Beeswax (ORGANIC)', ' Bisabolol', ' Butyrospermum Parkii (ORGANIC Shea) Butter', ' Carthamus Tinctorius (Safflower) Oleosomes', ' Cocos Nucifera (ORGANIC Coconut) Oil', ' Copernicia Cerifera (ORGANIC Carnauba) Wax', ' Jojoba Esters', ' Oryzanol', ' Persea Gratissima (ORGANIC Avocado) Oil', ' Sesamum Indicum (ORGANIC Sesame) Seed Oil', ' Silica', ' Theobroma Cacao (ORGANIC Cocoa) Seed Butter', ' Tocopherol', ' Water']",https://www.ulta.com/mineral-baby-spf50-lotion-unscented?productId=xlsImpprod12061093
BABO BOTANICALS,Online Only Calming Lavender Baby Shampoo & Wash For Sensitive Skin,"['Aloe Barbadensis Leaf Juice', ' Sodium Cocoamphoacetate From Coconut Oil', ' Sodium Lauryl Glucose Carboxylate Sugar Based', ' Lauryl Glucoside From Sugar and Coconut', ' Sodium Chloride', ' Coco Glucoside From Sugar and Coconut', ' Glyceryl Oleate From Sugar and Coconut', ' Hydrolyzed Oat Protein', ' Calendula of Cinalis Flower Extrac*', ' Chamomilla Recutita Matricaria Flower Extract*', ' Nasturtium Officinale', ' Watercress Flower/Leaf Extract*', ' Pueraria Lobata Kudzu Root Extract*', ' Spiraea Ulmaris Meadowsweet Flower Extract*', ' Citric Acid', ' Sodium Dehydroacetate', ' Vegetable Glycerin', ' Sodium Gluconate', ' Cocos Nucifera (Coconut Oil)', ' Theobroma Cacao Cocoa Seed Butter', ' Butyrospermum Parkii Shea Butter', ' Lavandula AngustifoliaLavender Extract', ' Vanilla Planifolia Fruit Extract']",https://www.ulta.com/calming-lavender-baby-shampoo-wash-sensitive-skin?productId=xlsImpprod18391085
NEUTROGENA,Ultra Sheer Dry-Touch Sunblock SPF 45,"['Active Ingredients: Avobenzone 2%', ' Homosalate 15%', ' Octinoxate 7.5%', ' Octisalate 5%', ' Oxybenzone 6%. Inactive Ingredients: Water', ' Silica', ' Dimethicone', ' Adipic Acid / Diethylene Glycol / Glycerin Crosspolymer', ' VP-Hexadecene Copolymer', ' Hydroxyethyl Acrylate/Sodium Acryloyldimethyltaurate Copolymer', ' Glycerin', ' Oat (Aveena Sativa) Kernel Extract', ' Squalane', ' Ascorbyl Palmitate', ' Retinyl Palmitate', ' Tocopheryl Acetate', ' BHT', ' Cetyl Dimethicone', ' Bisabolol', ' Dipotassium', ' Glycyrrhizate', ' Glyceryl Stearate', ' PEG-100 Stearate', ' Polysorbate 60', ' Tetrasodium EDTA', ' Butylene Glycol', ' Trimethylsiloxysilicate', ' Xanthan Gum', ' Benzyl Alcohol', ' Isopropylparaben', ' Isobutylparaben', ' Butylparaben', ' Phenoxyethanol', ' Fragrance']",https://www.ulta.com/ultra-sheer-dry-touch-sunblock-spf-45?productId=xlsImpprod11281047
DAILY CONCEPTS,Online Only Your Baby's Konjac Sponge-Lavender,CHECK MANUALLY,https://www.ulta.com/your-babys-konjac-sponge-lavender?productId=xlsImpprod17162801
BABO BOTANICALS,Online Only Calming Baby Lotion,"['Anthemis Nobilis (Chamomile) Flower Water', ' Rosa Damascena (Rose) Flower Distillate', ' organic virgin Cocos Nucifera (Coconut) Oil*', ' vegetable emulsifying wax (NF)', ' Theobroma Cacao (Cocoa) Seed Butter', ' glycerine (vegetable)', ' Butyrospermum Parkii (Shea) Butter', ' sodium levulinate (from corn)', ' cetyl alcohol (from coconut)', ' ', ' cetearyl glucoside (from sugar)', ' sorbitan olivate (from olive oil &amp; sugar)', ' natural lavender essential oil blend', ' CHONDRUS CRISPUS (CARRAGEENAN) EXTRACT', ' Organic Meadowsweet (Spiraea Ulmaria) Extract*', ' Organic Anthemis Nobilis (chamomile) Flower Extract*', ' Organic Nasturtium Officinale (Watercress) Extract*', ' Organic Pueraria Lobata (Kudzo) Root Extract*', ' natural beeswax', ' tocopherol \xa0d-alpha (Vitamin e)', ' &amp; potassium sorbate (food grade perservative)']",https://www.ulta.com/calming-baby-lotion?productId=xlsImpprod3160243
BABO BOTANICALS,Online Only Sensitive Baby Fragrance Free Daily Hydra Lotion For Sensitive & Eczema Prone Skin,"['Purified Water', ' Carthamus Tinctorius Seed Oil*', ' Helianthus Annuus Sunflower Seed Oil*', ' Vegetable Glycerin', ' Emulsifying Wax', ' Glyceryl Stearate SE', ' Avena Sativa Kernel Flour', ' Calendula Officinalis Calendula Flower Extract*', ' Butyrospermum Parkii Shea Butter', ' Hippophae Rhamnoides Sea Buckthorn Oil', ' Tocopheryl Acetate', ' Cetyl Alcohol', ' Caprylhydroxamic Acid From Coconut', ' Glyceryl Caprylate', ' Chamomilla Recutita Matricaria Flower Extract*', ' Nasturtium Officinale Watercress Flower/Leaf Extract*', ' Pueraria Lobata (<strong style=""box-sizing: border-box; margin: 0px;"">Kudzu</strong>) Root Extract*', ' Spiraea Ulmaria Meadowsweet Flower Extract*', ' Xanthan Gum', ' Simmondsia Chinensis Jojoba Seed Oil']",https://www.ulta.com/sensitive-baby-fragrance-free-daily-hydra-lotion-sensitive-eczema-prone-skin?productId=xlsImpprod18391087
DAILY CONCEPTS,Online Only Your Baby's Konjac Sponge- Chamomile,CHECK MANUALLY,https://www.ulta.com/your-babys-konjac-sponge-chamomile?productId=xlsImpprod17162799
DAILY CONCEPTS,Online Only Your Baby's Konjac Sponge-Pure,CHECK MANUALLY,https://www.ulta.com/your-babys-konjac-sponge-pure?productId=xlsImpprod17162803
DAILY CONCEPTS,Online Only Mommy & Me Kit with Gloves,"['Hair Towel: 100% Polyester Gloves: Cotton', ' Polyamide', ' Polyester Facial Micro Scrubber: Fabric: Cotton', ' Polyamide', ' Polyester Filling: Polyurethane( Soy Based Polyol)    Konjac Sponge: 98% Konjac Root  2% Chamomile']",https://www.ulta.com/mommy-me-kit-with-gloves?productId=xlsImpprod17162795
BABO BOTANICALS,Online Only Sensitive Baby Fragrance Free Zinc Diaper Cream For Sensitive Eczema Prone Skin,"['Helianthus Annuus Sunflower Oil', ' Zinc Oxide', ' Hydrogenated Vegetable Oil', ' Coconut Cocos Nucifera Oil*', ' Butyrospermum Parkii Shea Butter*', ' Euphorbia Cerifera Candelilla Wax', ' Rosmarinus Of Cinalis Rosemary) Extract*', ' Lecithin', ' Theobroma Cacao Cocoa Seed Butter*Nutri-Soothe Complex Calendula Officinalis Flower Extract*', ' Vegetable Glycerin', ' Chamomile Anthemis Nobilis Flower Extract*', ' Watercress Nasturtium Officinale Leaf Extract*', ' Calendula Calendula Officinalis Flower Extract*', ' Kudzu Pueraria LobataRoot Extract*; Meadowsweet (Spiraea Ulmaria) Extract*']",https://www.ulta.com/sensitive-baby-fragrance-free-zinc-diaper-cream-sensitive-eczema-prone-skin?productId=xlsImpprod18391089
DAILY CONCEPTS,Online Only Mommy & Me Kit with out Gloves,"['Hair Towel: 100% Polyester  Facial Micro Scrubber: Fabric: Cotton', ' Polyamide', ' Polyester Filling: Polyurethane( Soy Based Polyol)    Konjac Sponge: 98% Konjac Root  2% Chamomile']",https://www.ulta.com/mommy-me-kit-with-out-gloves?productId=xlsImpprod17162797
BABO BOTANICALS,Online Only Sensitive Baby Fragrance Free Newborn Foam Shampoo & Wash,"['Purified Water', ' Coco Glucoside From Coconut', ' Vegetable Glycerin', ' Heptyl Glucoside', ' Sodium Chloride', ' Coconut Cocos Nucifera Oil*', ' Butyrospermum Parkii Butter*', ' Theobroma Cacao Cocoa Seed Butter*', ' Aloe Barbadensis Leaf Juice*', ' Avena Sativa Oat Kernel Extract', ' Glyceryl Caprylate', ' Caprylhydroxamic Acid From Coconut', ' Citric Acid', ' Pueraria Lobata Root Extract*', ' Calendula Officinalis Flower Extract*', ' Chamomilla Recutita Flower Extract*', ' Nasturtium Officinale Flower/Leaf Extract*', ' Spiraea Ulmaria', ' Meadowsweet Flower Extract*', ' *Certified Organic Ingredients']",https://www.ulta.com/sensitive-baby-fragrance-free-newborn-foam-shampoo-wash?productId=xlsImpprod18391081
SUN BUM,Sunscreen Spray SPF 15,"['Active: Avobenzone 3.00%', ' Homosalate 6.00%', ' Octisalate 5.00%', ' Octocrylene 2.00%  Inactive: Alcohol Denat.', ' C12-15 Alkyl Benzoate', ' Acrylates/Octylacrylamide Copolymer', ' PPG-5-Ceteth-20', ' Fragrance', ' Tocopherol</div>']",https://www.ulta.com/sunscreen-spray-spf-15?productId=xlsImpprod5080045
NEUTROGENA,Beach Defense Sunscreen Spray SPF 30,"['SPF 30: Avobenzone', ' Homosalate', ' Octisalate', 'Octocrylene', ' Oxybenzone', ' Alcohol Denat.', ' Isobutane', ' Dimethicone', ' Acrylates/Octylacrylamide Copolymer', ' Trisiloxane', ' Diethylhexyl 2', '6-Naphthalate', ' Tocopheryl Acetate', ' Fragrance.<br/><br/>SPF 70: Avobenzone', ' Homosalate', ' Octisalate', ' Octocrylene', ' Oxybenzone', ' Alcohol Denat.', ' Isobutane', ' Octyldodecyl Neopentanoate', ' Acrylates/Octylacrylamide Copolymer', ' Diethylhexyl 2', ' 6-Naphthalate', ' Tocopheryl Acetate', ' Fragrance']",https://www.ulta.com/beach-defense-sunscreen-spray-spf-30?productId=xlsImpprod5080069
SUN BUM,Sunscreen Lotion SPF 70,"['Active: Avobenzone 3.00%', ' Octinoxate 5.00%', ' Octisalate 5.00%', ' Octocrylene 10.00%', ' Homosalate 10.00%  Inactive: Water', ' Beeswax', ' Hydrated Silica', ' Acrylates/C12-22 Alkyl Methacrylate Copolymer', ' Caprylyl Methicone', ' Styrene/Acrylates Copolymer', ' Cetyl Dimethicone', ' Glyceryl Stearate', ' PEG-100 Stearate', ' Polyester-8', ' BHT', ' Dimethicone\nDimethyl Capramide', ' Dipotassium Glycyrrhizate', ' Disodium EDTA', ' Ethylhexyl Stearate', ' Ethylhexylglycerin', ' Fragrance', ' Methylisothiazolinone', ' Polyaminopropyl Biguanide', ' Sodium Polyacrylate', ' Trideceth-6', ' Trimethylsiloxysilicate', ' Tocopheryl Acetate', ' Xanthan Gum</div>']",https://www.ulta.com/sunscreen-lotion-spf-70?productId=xlsImpprod11281077
BELLI,Online Only All Day Moisturizer Body Lotion,"['Deionized Water', ' Glyceryl Stearate (and) PEG-100 Stearate', ' C12-15 Alkyl Benzoate', ' Isopropyl Myristate', ' Sodium PCA', ' Glycerine', ' Cetearyl Alcohol (and) Ceteareth-20', ' Stearyl Alcohol', ' Cetyl Alcohol', ' Citrus Medica Limonum (Lemon) Peel Oil', ' Phenoxyethanol', ' Vitis Vinifera (Grape) Seed Oil', ' Simmondsia Chinensis (Jojoba) Seed Oil', ' Chamomilla Recutita (Chamomile) Matricaria Flower Extract', ' Chondrus Crispus (Carrageenan) (and) Glucose', ' Xanthan Gum', ' Tocopheryl Acetate (Vitamin E)', ' Iodopropynyl  Butylcarbamate (and) Glycereth-2 Cocoate']",https://www.ulta.com/all-day-moisturizer-body-lotion?productId=xlsImpprod6480374
BABO BOTANICALS,Online Only Sheer Non-Nano Zinc Continuous Spray SPF 30 Fragrance Free Mineral Sunscreen,"['Active Ingredient: Zinc Oxide 12%. Inactive Ingredients: Aloe Barbadensis Leaf Juice', ' Bentonite', ' Butyloctyl Salicylate', ' Calendula Officinalis Flower Extract*', ' Caprylhydroxamic Acid', ' Caprylyl Glycol', ' Carthamus Tinctorius (Safflower) Seed Oil', ' Cetearyl Alcohol', ' Chamomilla Recutita (Matricaria) Flower Extract*', ' Coco Glucoside', ' Glycerin', ' Helianthus Annuus (Sunflower) Seed Oil', ' Heptyl Undecylenate', ' Jojoba Esters', ' Methyl Dihydroabietate', ' Nasturtium Officinale Flower/Leaf Extract*', ' Pueraria Lobata Root Extract*', ' Spiraea Ulmaria Flower Extract*', ' Water']",https://www.ulta.com/sheer-non-nano-zinc-continuous-spray-spf-30-fragrance-free-mineral-sunscreen?productId=xlsImpprod15791069
BABO BOTANICALS,Online Only Oatmilk Calendula Moisturizing Bubble Bath and Wash,"['Anthemis Nobilis (Chamomile Tea) Infusion', ' Aloe Barbadensis (Aloe Leaf Juice*', ' Decyle Glucoside', ' Lauryl Glucoside (From Sugar)', ' Glycerin (Vegetable)', ' Avena Sativa Kernel (Oat) Extract', ' Extracts of Calendula Officinalis (Calendula) Flower*', ' Matricaria Recutita (Chamomile) Flower*', ' Pueraria Lobota (Kudzu) Root)*', ' Spiraea Ulmaria (Meadowsweet) Flower*', ' Nasturtium Officinale (Wild-Crafted Watercress)', ' Chondrus Crispus (Carrageenan) Extract', ' Sodium Benzoate', ' Potassium Sorbate (Food Grade Perservative)', ' Sodium Phytate (Rice Bran Extract)']",https://www.ulta.com/oatmilk-calendula-moisturizing-bubble-bath-wash?productId=xlsImpprod6390725
NEUTROGENA,Sensitive Skin Sunblock Lotion SPF 60,"['Active Ingredients:\xa0Titanium Dioxide (4.9%)', ' Zinc Oxide (4.7%). Inactive Ingredients:\xa0Alumina', ' Arachidyl Alcohol', ' Arachidyl Glucoside', ' Ascorbic Acid', ' Beeswax', ' Behenyl Alcohol', ' Benzyl Alcohol', ' BHT', ' Bisobolol', ' Butylene Glycol', ' Butyloctyl Salicylate', ' Cetyl Dimethicone', ' Dimethicone', ' Dimethicone PEG 8 Laurate', ' Dipotassium Glycyrrhizate', ' Disodium EDTA', ' Ethylhexylglycerin', ' Glyceryl Stearate', ' Hydroxyethyl Acrylate/Sodium Acryloyldimethyl Taurate Copolymer', ' Isohexadecane', ' Methicone', ' Methylisothiazolinone', ' Pantothenic Acid', ' PEG 100 Stearate', ' PEG 8', ' Polyaminopropyl Biguanide', ' Polyhydroxystearic Acid', ' Polymethyl Methacrylate', ' Polysorbate 60', ' Retinyl Palmitate', ' Silica', ' Stearic Acid', ' Styrene/Acrylates Copolymer', ' Tocopheryl Acetate', ' Triethoxycaprylylsilane', ' Trimethylsiloxysilicate', ' Trisiloxane', ' Water', ' Xanthan Gum']",https://www.ulta.com/sensitive-skin-sunblock-lotion-spf-60?productId=xlsImpprod1660013
SUN BUM,Sunscreen Spray SPF 70,"['Active: Avobenzone 3.00%', ' Homosalate 10.00%', ' Octisalate 5.00%', ' Octocrylene 10.00%  Inactive: Alcohol Denat.', ' Polyester-8', ' Acrylates/Octylacrylamide Copolymer', ' Dimethicone', ' PPG-5-Ceteth-20', ' Acrylates/Dimethicone Copolymer', ' Cyclopentasiloxane', ' Polycrylene (Polyester-8)', ' Fragrance', ' Tocopheryl Acetate', ' Trisiloxane', ' Ascorbyl Palmitate</div>']",https://www.ulta.com/sunscreen-spray-spf-70?productId=xlsImpprod13681669
NEUTROGENA,Beach Defense Sunscreen Lotion SPF 70,"['Avobenzone', ' Homosalate', ' Octisalate', ' Octocrylene', ' Oxybenzone', ' Water', ' Styrene/Acrylates Copolymer', ' Dimethicone', ' Potassium Cetyl Phosphate', ' Benzyl Alcohol', ' Silica', ' Diethylhexyl 2', '6-Naphthalate', ' Dimethicone/PEG-10/15 Crosspolymer', ' Trisiloxane', ' Cetyl Dimethicone', ' Beeswax', ' Ethylhexylglycerin', ' Sodium Polyacrylate', ' Xanthan Gum', ' Ethylhexyl Stearate', ' Acrylates/C12-22 Alkyl Methacrylate Copolymer', ' Behenyl Alcohol', ' Trideceth-6', ' Disodium EDTA', ' Glyceryl Stearate', ' PEG-100 Stearate', ' Caprylyl Glycol', ' Chlorphenesin', ' Fragrance']",https://www.ulta.com/beach-defense-sunscreen-lotion-spf-70?productId=xlsImpprod11281065
SHEAMOISTURE,Online Only Olive & Marula Baby Head To Toe Lotion,"['Water', ' Caprylic/Capric Triglyceride', ' Butyrospermum Parkii (Shea) Butter***', ' Glyceryl Stearate', ' Glycerin (Vegetable)', ' Cetyl Alcohol', '  Glyceryl Stearate Citrate', ' Cetearyl Alcohol', ' Glyceryl Caprylate', ' Fragrance (Essential Oil Blend)', ' Olea Europaea (Olive) Fruit Oil', ' Simmondsia Chinensis (Jojoba) Seed Oil', ' Theobroma Cacao (Cocoa) Seed Butter', ' Aloe Barbadensis Leaf Juice', ' Persea Gratissima (Avocado) Oil', ' Sclerocarya Birrea Seed Oil', '  Bisabolol', ' Panthenol', '  Allantoin', ' Borago Officinalis Seed Oil', ' Tocopheryl Acetate', '  Hydrogenated Vegetable Oil', ' Glyceryl Undecylenate']",https://www.ulta.com/olive-marula-baby-head-toe-lotion?productId=xlsImpprod14221029
NEUTROGENA,Age Shield Face Sunblock SPF 70,"['Active: Avobenzone 3%', ' Homosalate 15%', ' Octisalate 5%', ' Octocrylene 2.8%', ' Oxybenzone 6%...Purpose: Sunscreen. Inactive: Water', ' Styrene/Acrylates Copolymer', ' Silica', ' Diethylhexyl 2', ' 6-Naphthalate', ' Beeswax', ' Caprylyl Methicone', ' Cetyl Dimethicone', ' Ethylhexyglycerin', ' Glyceryl Stearate', ' PEG-100 Stearate', ' Sodium Polyacrylate', ' Caprylyl Glycol', ' Acrylates/C12-22 Alkyl Methacrylate Copolymer', ' Ethylhexyl Stearate', ' Dimethicone', ' Xanthan Gum', ' Trimethysiloxysilicate', ' Disodium EDTA', ' Tanacetum Parthenium (Feverfew) Leaf/Flower/Stem Juice', ' Dipotassium Glycyrrhizate', ' BHT', ' Trideceth-6', ' Tocopherol', ' Glycine Soja (Soybean) Seed Extract', ' Polyaminopropyl Biguanide', ' Methylisothiazolinone', ' Fragrance']",https://www.ulta.com/age-shield-face-sunblock-spf-70?productId=xlsImpprod640120
SUN BUM,Sunscreen Lotion SPF 15,"['Active: Avobenzone 2.00%', ' Homosalate 5.00%', ' Octisalate 2.00%', ' Octocrylene 10.00%  Inactive: Water', ' Butyloctyl Salicylate', ' Hydrated Silica', ' Styrene/Acrylates Copolymer', ' Dimethicone', ' VP/Hexadecene Copolymer', ' Polyester-8', ' Caprylyl Methicone', ' Ethylhexyl Stearate', ' Trideceth-6', ' Glyceryl Stearate', ' PEG-100 Stearate', ' Fragrance', ' Sodium Polyacrylate', ' Behenyl Alcohol', ' Dimethyl Capramide', ' Ethylhexylglycerin', ' Trimethylsiloxysilicate', ' Xanthan Gum', ' Polyaminopropyl Biguanide', ' Tocopheryl Acetate', ' BHT', ' Disodium EDTA', ' Methylisothiazolinone</div>']",https://www.ulta.com/sunscreen-lotion-spf-15?productId=xlsImpprod5080043
NEUTROGENA,Ultra Sheer Face + Body Stick Sunscreen Broad Spectrum SPF 70,"['Active: Avobenzone 3%', ' Homosalate 15%', ' Octisalate 5%', ' Octocrylene 10%', ' Oxybenzone 3%...Purpose: Sunscreen. Inactive: Adipic Acid/Diglycol Crosspolymer', ' Beeswax', ' BHT', ' C12-15 Alkayl Benzoate', ' Caprylyl Glycol', ' Diethylhexyl 2', '6-Naphthalate', ' Fragrance', ' Neopentyl Glycol Diethylhexanoate', ' Neopentyl Glycol Diisostearate', ' Octyldodecyl Neopentanoate', ' Ozokerite', ' Paraffin', ' Polyethylene', ' Silica']",https://www.ulta.com/ultra-sheer-face-body-stick-sunscreen-broad-spectrum-spf-70?productId=xlsImpprod6400562
BABO BOTANICALS,Online Only Sensitive Baby Fragrance Free Shampoo & Wash For Sensitive & Eczema-Prone Skin,"['Aloe Barbadensis Leaf Juice', ' Sodium Cocoamphoacetate (From Coconut Oil)', ' Sodium Lauryl Glucose Carboxylate (Sugar Based)', ' Lauryl Glucoside (From Sugar and Coconut)', ' Sodium Chloride', ' Coco Glucoside (From Sugar and Coconut)', ' Glyceryl Oleate (From Sugar and Coconut) ', ' Hydrolyzed Oat Protein', ' Calendula of Cinalis Flower Extract*', ' Chamomilla Recutita (Matricaria) Flower<br/>  Extract*', ' Nasturtium Officinale (Watercress) Flower/Leaf Extract*', ' Pueraria Lobata (Kudzu) Root Extract*', ' Spiraea Ulmaris (Meadowsweet) Flower Extract*', '  Citric Acid', ' Sodium Dehydroacetate', ' Vegetable Glycerin', ' Sodium Gluconate', '  Cocos Nucifera (Coconut) Oil', ' Theobroma Cacao (Cocoa) Seed Butter', '  Butyrospermum Parkii (Shea) Butter']",https://www.ulta.com/sensitive-baby-fragrance-free-shampoo-wash-sensitive-eczema-prone-skin?productId=xlsImpprod18391083
NEUTROGENA,Clear Face Liquid-Lotion Sunblock,"['Active: Avobenzone', ' Homosalate', ' Octisalate', ' Octocrylene', ' Oxybenzone. Inactive: Acrylates/Dimethicone Copolymer', ' BHT', ' Bisabolol', ' Butylene Glycol', ' C12-15 Alkyl Benzoate', ' Capryloyl Glycine', ' Caprylyl Glycol', ' Cedrus Atlantica Bark Extract', ' Cetyl Dimethicone', ' Chlorphenesin', ' Cinnamomum Zeylanicum Bark Extract', ' Diethylhexyl 2', '6-Naphthalate', ' Dimethicone', ' Disodium EDTA', ' Ethylhexyl Stearate', ' Ethylhexylglycerin', ' Mannan', ' Neopentyl Glycol Diheptanoate', ' Phenoxyethanol', ' Polyester-7', ' Portulaca Oleracea Extract', ' Propylene Glycol', ' Sarcosine', ' Silica', ' Sodium Polyacrylate', ' Staereth-100', ' Steareth-2', ' Styrene/Acrylates', ' Copolymer', ' Tridaceth-6', ' Xanthan Gum']",https://www.ulta.com/clear-face-liquid-lotion-sunblock?productId=xlsImpprod4150023
BABO BOTANICALS,Online Only Super Shield Non-Nano Zinc SPF 50 Fragrance Free Mineral Sunscreen,"['Active Ingredients: Zinc Oxide 17.0%. Inactive Ingredients: Beeswax*', ' Bisabolol', ' Butyrospermum Parkii (Shea Butter)*', ' Calophyllum Tacamahaca Seed Oil*', ' Cannabis Sativa Seed Oil*', ' Euphorbia Cerifera (Candelilla) Wax', ' Jojoba Esters', ' Octyldodecyl Olivate', ' Oryza Sativa (Rice) Bran Oil*', ' Oryzanol', ' Persea Gratissima (Avocado) Oil*', ' Simmondsia Chinensis (Jojoba) Seed Oil*', ' Theobroma Cacao (Cocoa) Seed Butter*', ' Tocopherol']",https://www.ulta.com/super-shield-non-nano-zinc-spf-50-fragrance-free-mineral-sunscreen?productId=xlsImpprod15791071
BABO BOTANICALS,Online Only Moisturizing Baby Lotion,"['Purified Water (Agua)', ' Helianthus Annuus (Sunflower) Seed Oil*', ' Carthamus Tinctorius (Safflower) Seed Oil*', ' Vegetable Emulsifying Wax NF', ' Glyceryl Stearate SE (Vegetable) ', ' Glycerine (Vegetable)', ' Colloidal Oatmeal', ' Butyrospermum Parkii (Shea Butter) Fruit', ' Glucono Delta Lactone (Sugar)', ' Organic Calendula Officinalis*', ' D-Alph Tocopherol (Vitamin E)', ' Glyceryl Caprylate (Vegetable &amp; Fruit)', ' Carrageenan (Red Seeweed)', ' Evening Primrose (Oenothera Biennis) Oil', ' Beeswax', ' Vegetable Cetyl Alcohol (Coconut)', ' Organic Anthemis Nobilis (Chamomile) Flower Extract*', ' Wildcrafted Nasturtium Officinale (Watercress) Extract*', ' Organic Pueraria Lobata (Kudzu) Root Extract*', ' Potassium Sorbate (Food Grade Preservative)', ' Natural Essential Oil Blend of Vanilla and Cedarwood *Certified Organic Ingredients</div>']",https://www.ulta.com/moisturizing-baby-lotion?productId=xlsImpprod2360141
BABO BOTANICALS,Online Only Nutri-Soothe Lip Treatment SPF 15 Mineral Sunscreen Lip Balm,"['Active Ingredients:  Titanium Dioxide 1.7%', ' Zinc Oxide 0.7%. Inactive Ingredients: Beeswax*', ' Bisabolol', ' Butyrospermum Parkii (Shea Butter)*', ' Calendula Officinalis Flower Extract*', ' Chamomilla Recutita (Matricaria) Flower Extract*', ' Euphorbia Cerifera (Candelilla) Wax', ' Natural Flavor', ' Helianthus Annuus (Sunflower) Seed Oil*', ' Jojoba Esters', ' Nasturtium Officinale Flower/Leaf Extract*', ' Octyldodecyl Olivate', ' Oryza Sativa (Rice) Bran Oil*', ' Oryzanol', ' Persea Gratissima (Avocado) Oil*', ' Pueraria Lobata Root Extract* Silica', ' Simmondsia Chinensis (Jojoba) Seed Oil*', ' Spiraea Ulmaria Flower Extract*', ' Theobroma Cacao (Cocoa) Seed Butter*', ' Tocopherol *Certified Organic Ingredients</div>']",https://www.ulta.com/nutri-soothe-lip-treatment-spf-15-mineral-sunscreen-lip-balm?productId=xlsImpprod15791065
BABO BOTANICALS,Online Only Moisturizing Conditioner,"['Purified Water (Aqua)', ' Aloe Vera (Aloe Barbadensis) Leaf Juice*', ' Cetearyl Alcohol', ' Behentrimonium Chloride', ' Vegetable Glycerin', ' Stearalkonium Chloride', ' Oat (Avena Sativa) Kernel Flour', ' Virgin Coconut (Cocos Nucifera) Oil*', ' Delta Gluconolactone', ' Isoamyl Laurate', ' Cetearyl Glucoside', ' Calendula (Calendula Officinalis) Flower Extract*', ' Chamomile (Anthemis Nobilis) Flower Extract*', ' Meadowsweet (Spiraea Ulmaria) Flower Extract*', ' Wildcrafted Watercress (Nasturtium Officinale) Leaf Extract', ' Kudzu (Pueraria Lobata) Root Extract*', ' Shea (Butyrospermum Parkii) Butter', ' Panthenol (Provitamin B5)', ' Glyceryl Stearate', ' L-arginine', ' Phenthyl Alcohol', ' Sorbitan Olivate', ' Guar Hydroxypropyltrimonium Chloride', ' Hydroxypropyl Methylcellulose', ' Cedarwood (Cedrus Atlantica) Oil', ' Tonka Bean Extract', ' Bergamot (Citrus Aurantium Bergamia) Fruit Extract', ' Vanilla (Vanilla Planifolia Flower) Extract', ' Ethyl Lauroyl Arginate Hcl', ' Ethylhexylglycerin', ' D-alpha Tocopherol', ' Acetate', ' Vegetable Derived Lactic Acid']",https://www.ulta.com/moisturizing-conditioner?productId=xlsImpprod14311011
NEUTROGENA,Sheer Zinc Face Lotion SPF 50,,https://www.ulta.com/sheer-zinc-face-lotion-spf-50?productId=xlsImpprod15721137
NEUTROGENA,Ultra Sheer Dry-Touch Sunblock,"['Active Ingredients: Avobenzone 2%', ' Homosalate 15%', ' Octinoxate 7.5%', ' Octisalate 5%', ' Oxybenzone 6%. Inactive Ingredients: Water', ' Silica', ' Dimethicone', ' Adipic Acid / Diethylene Glycol / Glycerin Crosspolymer', ' VP-Hexadecene Copolymer', ' Hydroxyethyl Acrylate/Sodium Acryloyldimethyltaurate Copolymer', ' Glycerin', ' Oat (Aveena Sativa)  Kernel Extract', ' Squalane', ' Ascorbyl Palmitate', ' Retinyl Palmitate', ' Tocopheryl Acetate', ' BHT', ' Cetyl Dimethicone', ' Bisabolol', ' Dipotassium', ' Glycyrrhizate', ' Glyceryl Stearate', ' PEG-100 Stearate', ' Polysorbate 60', ' Tetrasodium EDTA', ' Butylene Glycol', ' Trimethylsiloxysilicate', ' Xanthan Gum', ' Benzyl Alcohol', ' Isopropylparaben', ' Isobutylparaben', ' Butylparaben', ' Phenoxyethanol', ' Fragrance']",https://www.ulta.com/ultra-sheer-dry-touch-sunblock?productId=fs794133
NEUTROGENA,Ultra Sheer Dry-Touch Sunblock SPF 85,"['Active Ingredients: Avobenzone 2%', ' Homosalate 15%', ' Octinoxate 7.5%', ' Octisalate 5%', ' Oxybenzone 6%. Inactive Ingredients: Water', ' Silica', ' Dimethicone', ' Adipic Acid / Diethylene Glycol / Glycerin Crosspolymer', ' VP-Hexadecene Copolymer', ' Hydroxyethyl Acrylate/Sodium Acryloyldimethyltaurate Copolymer', ' Glycerin', ' Oat (Aveena Sativa) Kernel Extract', ' Squalane', ' Ascorbyl Palmitate', ' Retinyl Palmitate', ' Tocopheryl Acetate', ' BHT', ' Cetyl Dimethicone', ' Bisabolol', ' Dipotassium', ' Glycyrrhizate', ' Glyceryl Stearate', ' PEG-100 Stearate', ' Polysorbate 60', ' Tetrasodium EDTA', ' Butylene Glycol', ' Trimethylsiloxysilicate', ' Xanthan Gum', ' Benzyl Alcohol', ' Isopropylparaben', ' Isobutylparaben', ' Butylparaben', ' Phenoxyethanol', ' Fragrance']",https://www.ulta.com/ultra-sheer-dry-touch-sunblock-spf-85?productId=xlsImpprod11281053
NEUTROGENA,Ultra Sheer Dry-Touch Sunblock SPF 70,"['Active Ingredients: Avobenzone 2%', ' Homosalate 15%', ' Octinoxate 7.5%', ' Octisalate 5%', ' Oxybenzone 6%. Inactive Ingredients: Water', ' Silica', ' Dimethicone', ' Adipic Acid / Diethylene Glycol / Glycerin Crosspolymer', ' VP-Hexadecene Copolymer', ' Hydroxyethyl Acrylate/Sodium Acryloyldimethyltaurate Copolymer', ' Glycerin', ' Oat (Aveena Sativa) Kernel Extract', ' Squalane', ' Ascorbyl Palmitate', ' Retinyl Palmitate', ' Tocopheryl Acetate', ' BHT', ' Cetyl Dimethicone', ' Bisabolol', ' Dipotassium', ' Glycyrrhizate', ' Glyceryl Stearate', ' PEG-100 Stearate', ' Polysorbate 60', ' Tetrasodium EDTA', ' Butylene Glycol', ' Trimethylsiloxysilicate', ' Xanthan Gum', ' Benzyl Alcohol', ' Isopropylparaben', ' Isobutylparaben', ' Butylparaben', ' Phenoxyethanol', ' Fragrance']",https://www.ulta.com/ultra-sheer-dry-touch-sunblock-spf-70?productId=xlsImpprod11281051
BELLI,Online Only Complexion Protection Duo,"['Anti-Blemish Facial Wash: Deionized Water', ' Disodium Laureth Sulfosuccinate', ' Sodium Lactate', ' Disodium Cocoamphodiacetate', ' Sodium PEG-7 Olive Oil Carboxylate', ' Glycerine', ' PEG-120 Methyl Glucose Dioleate', ' Sodium PCA', ' Lactic Acid', ' Olive Oil PEG-7 Esters', ' Phenoxyethanol', ' Camellia Sinensis (Green Tea) Leaf Extract', ' Cucumis Sativus (Cucumber) Fruit Extract', ' Citrus Medica Limonum (Lemon) Peel Oil', ' Xanthan Gum', ' Citric Acid', ' Iodopropynyl Butylcarbamate (and) Glycereth-2 Cocoate.<br/><br/>Pure Radiance Facial Sunscreen: Active: Titanium Dioxide 7%', ' Zinc Oxide 5%. Inactive: Butylene Glycol', ' C12-15 Alkyl Benzoate', ' Ceteareth-20', ' Cetearyl Alcohol', ' Cetyl Alcohol', ' Cyclomethicone', ' Deionized Water', ' Glycerine', ' Glycereth-2 Cocoate', ' Glyceryl Stearate', ' Hydrolyzed Collagen (Marine Derived)', ' Iodopropynyl Butylcarbamate', ' Iron Oxides', ' Isopropyl Palmitate', ' Octyldodecyl Neopentanoate', ' PEG-100 Stearate', ' Phenoxyethanol', ' Polyglyceryl-2 Diisostearate', ' Sodium PCA', ' Tocopheryl Acetate (Vitamin E)', ' Xanthan Gum']",https://www.ulta.com/complexion-protection-duo?productId=xlsImpprod6480388
BABO BOTANICALS,Online Only After Sun Soothing Hydrating Organic Aloe Gel,"['Aloe Barbadensis Leaf Juice*', ' Hamamelis Virginiana (Witch Hazel)', ' Glycerin*', ' Water/Aqua/Eau', ' Xanthan Gum', ' Hyaluronic Acid', ' Lavandula Angustifolia (Lavender) Oil', ' Arnica Montana (Arnica) Extract', ' Eucalyptus Globulus (Eucalyptus) Leaf Oil', ' Calendula Officinalis (Marigold) Flower Extract*', ' Chamomilla Recutita (Matricaria) Flower Extract*', ' Pueraria Lobata (Kudzu) Root Extract*', ' Spiraea Ulmaria (Meadowsweet) Flower Extract*', ' Nasturtium Officinale (Watercress) Flower/Leaf Extract*', ' Mentha Piperita (Natural) Fragrance', ' Sodium Phytate', ' Sodium Benzoate', ' Potassium Sorbate', ' Citric Acid', ' (Peppermint) Essential Oil', ' Camellia Sinensis (Green Tea) Extract']",https://www.ulta.com/after-sun-soothing-hydrating-organic-aloe-gel?productId=xlsImpprod18321121
COOLA,Mineral Baby SPF50 Lotion Unscented,"['Active Ingredients: Titanium Dioxide (Sunscreen) 7.3%', ' Zinc Oxide (Sunscreen) 4.3%.<br/><br/>Inactive Ingredients: Aloe Barbadensis Leaf Extract', ' Beeswax (ORGANIC)', ' Bisabolol', ' Butyrospermum Parkii (ORGANIC Shea) Butter', ' Carthamus Tinctorius (Safflower) Oleosomes', ' Cocos Nucifera (ORGANIC Coconut) Oil', ' Copernicia Cerifera (ORGANIC Carnauba) Wax', ' Jojoba Esters', ' Oryzanol', ' Persea Gratissima (ORGANIC Avocado) Oil', ' Sesamum Indicum (ORGANIC Sesame) Seed Oil', ' Silica', ' Theobroma Cacao (ORGANIC Cocoa) Seed Butter', ' Tocopherol', ' Water']",https://www.ulta.com/mineral-baby-spf50-lotion-unscented?productId=xlsImpprod12061093
BABO BOTANICALS,Online Only Calming Lavender Baby Shampoo & Wash For Sensitive Skin,"['Aloe Barbadensis Leaf Juice', ' Sodium Cocoamphoacetate From Coconut Oil', ' Sodium Lauryl Glucose Carboxylate Sugar Based', ' Lauryl Glucoside From Sugar and Coconut', ' Sodium Chloride', ' Coco Glucoside From Sugar and Coconut', ' Glyceryl Oleate From Sugar and Coconut', ' Hydrolyzed Oat Protein', ' Calendula of Cinalis Flower Extrac*', ' Chamomilla Recutita Matricaria Flower Extract*', ' Nasturtium Officinale', ' Watercress Flower/Leaf Extract*', ' Pueraria Lobata Kudzu Root Extract*', ' Spiraea Ulmaris Meadowsweet Flower Extract*', ' Citric Acid', ' Sodium Dehydroacetate', ' Vegetable Glycerin', ' Sodium Gluconate', ' Cocos Nucifera (Coconut Oil)', ' Theobroma Cacao Cocoa Seed Butter', ' Butyrospermum Parkii Shea Butter', ' Lavandula AngustifoliaLavender Extract', ' Vanilla Planifolia Fruit Extract']",https://www.ulta.com/calming-lavender-baby-shampoo-wash-sensitive-skin?productId=xlsImpprod18391085
NEUTROGENA,Ultra Sheer Dry-Touch Sunblock SPF 45,"['Active Ingredients: Avobenzone 2%', ' Homosalate 15%', ' Octinoxate 7.5%', ' Octisalate 5%', ' Oxybenzone 6%. Inactive Ingredients: Water', ' Silica', ' Dimethicone', ' Adipic Acid / Diethylene Glycol / Glycerin Crosspolymer', ' VP-Hexadecene Copolymer', ' Hydroxyethyl Acrylate/Sodium Acryloyldimethyltaurate Copolymer', ' Glycerin', ' Oat (Aveena Sativa) Kernel Extract', ' Squalane', ' Ascorbyl Palmitate', ' Retinyl Palmitate', ' Tocopheryl Acetate', ' BHT', ' Cetyl Dimethicone', ' Bisabolol', ' Dipotassium', ' Glycyrrhizate', ' Glyceryl Stearate', ' PEG-100 Stearate', ' Polysorbate 60', ' Tetrasodium EDTA', ' Butylene Glycol', ' Trimethylsiloxysilicate', ' Xanthan Gum', ' Benzyl Alcohol', ' Isopropylparaben', ' Isobutylparaben', ' Butylparaben', ' Phenoxyethanol', ' Fragrance']",https://www.ulta.com/ultra-sheer-dry-touch-sunblock-spf-45?productId=xlsImpprod11281047
DAILY CONCEPTS,Online Only Your Baby's Konjac Sponge-Lavender,CHECK MANUALLY,https://www.ulta.com/your-babys-konjac-sponge-lavender?productId=xlsImpprod17162801
BABO BOTANICALS,Online Only Calming Baby Lotion,"['Anthemis Nobilis (Chamomile) Flower Water', ' Rosa Damascena (Rose) Flower Distillate', ' organic virgin Cocos Nucifera (Coconut) Oil*', ' vegetable emulsifying wax (NF)', ' Theobroma Cacao (Cocoa) Seed Butter', ' glycerine (vegetable)', ' Butyrospermum Parkii (Shea) Butter', ' sodium levulinate (from corn)', ' cetyl alcohol (from coconut)', ' ', ' cetearyl glucoside (from sugar)', ' sorbitan olivate (from olive oil &amp; sugar)', ' natural lavender essential oil blend', ' CHONDRUS CRISPUS (CARRAGEENAN) EXTRACT', ' Organic Meadowsweet (Spiraea Ulmaria) Extract*', ' Organic Anthemis Nobilis (chamomile) Flower Extract*', ' Organic Nasturtium Officinale (Watercress) Extract*', ' Organic Pueraria Lobata (Kudzo) Root Extract*', ' natural beeswax', ' tocopherol \xa0d-alpha (Vitamin e)', ' &amp; potassium sorbate (food grade perservative)']",https://www.ulta.com/calming-baby-lotion?productId=xlsImpprod3160243
BABO BOTANICALS,Online Only Sensitive Baby Fragrance Free Daily Hydra Lotion For Sensitive & Eczema Prone Skin,"['Purified Water', ' Carthamus Tinctorius Seed Oil*', ' Helianthus Annuus Sunflower Seed Oil*', ' Vegetable Glycerin', ' Emulsifying Wax', ' Glyceryl Stearate SE', ' Avena Sativa Kernel Flour', ' Calendula Officinalis Calendula Flower Extract*', ' Butyrospermum Parkii Shea Butter', ' Hippophae Rhamnoides Sea Buckthorn Oil', ' Tocopheryl Acetate', ' Cetyl Alcohol', ' Caprylhydroxamic Acid From Coconut', ' Glyceryl Caprylate', ' Chamomilla Recutita Matricaria Flower Extract*', ' Nasturtium Officinale Watercress Flower/Leaf Extract*', ' Pueraria Lobata (<strong style=""box-sizing: border-box; margin: 0px;"">Kudzu</strong>) Root Extract*', ' Spiraea Ulmaria Meadowsweet Flower Extract*', ' Xanthan Gum', ' Simmondsia Chinensis Jojoba Seed Oil']",https://www.ulta.com/sensitive-baby-fragrance-free-daily-hydra-lotion-sensitive-eczema-prone-skin?productId=xlsImpprod18391087
DAILY CONCEPTS,Online Only Your Baby's Konjac Sponge- Chamomile,CHECK MANUALLY,https://www.ulta.com/your-babys-konjac-sponge-chamomile?productId=xlsImpprod17162799
DAILY CONCEPTS,Online Only Your Baby's Konjac Sponge-Pure,CHECK MANUALLY,https://www.ulta.com/your-babys-konjac-sponge-pure?productId=xlsImpprod17162803
DAILY CONCEPTS,Online Only Mommy & Me Kit with Gloves,"['Hair Towel: 100% Polyester Gloves: Cotton', ' Polyamide', ' Polyester Facial Micro Scrubber: Fabric: Cotton', ' Polyamide', ' Polyester Filling: Polyurethane( Soy Based Polyol)    Konjac Sponge: 98% Konjac Root  2% Chamomile']",https://www.ulta.com/mommy-me-kit-with-gloves?productId=xlsImpprod17162795
BABO BOTANICALS,Online Only Sensitive Baby Fragrance Free Zinc Diaper Cream For Sensitive Eczema Prone Skin,"['Helianthus Annuus Sunflower Oil', ' Zinc Oxide', ' Hydrogenated Vegetable Oil', ' Coconut Cocos Nucifera Oil*', ' Butyrospermum Parkii Shea Butter*', ' Euphorbia Cerifera Candelilla Wax', ' Rosmarinus Of Cinalis Rosemary) Extract*', ' Lecithin', ' Theobroma Cacao Cocoa Seed Butter*Nutri-Soothe Complex Calendula Officinalis Flower Extract*', ' Vegetable Glycerin', ' Chamomile Anthemis Nobilis Flower Extract*', ' Watercress Nasturtium Officinale Leaf Extract*', ' Calendula Calendula Officinalis Flower Extract*', ' Kudzu Pueraria LobataRoot Extract*; Meadowsweet (Spiraea Ulmaria) Extract*']",https://www.ulta.com/sensitive-baby-fragrance-free-zinc-diaper-cream-sensitive-eczema-prone-skin?productId=xlsImpprod18391089
DAILY CONCEPTS,Online Only Mommy & Me Kit with out Gloves,"['Hair Towel: 100% Polyester  Facial Micro Scrubber: Fabric: Cotton', ' Polyamide', ' Polyester Filling: Polyurethane( Soy Based Polyol)    Konjac Sponge: 98% Konjac Root  2% Chamomile']",https://www.ulta.com/mommy-me-kit-with-out-gloves?productId=xlsImpprod17162797
BABO BOTANICALS,Online Only Sensitive Baby Fragrance Free Newborn Foam Shampoo & Wash,"['Purified Water', ' Coco Glucoside From Coconut', ' Vegetable Glycerin', ' Heptyl Glucoside', ' Sodium Chloride', ' Coconut Cocos Nucifera Oil*', ' Butyrospermum Parkii Butter*', ' Theobroma Cacao Cocoa Seed Butter*', ' Aloe Barbadensis Leaf Juice*', ' Avena Sativa Oat Kernel Extract', ' Glyceryl Caprylate', ' Caprylhydroxamic Acid From Coconut', ' Citric Acid', ' Pueraria Lobata Root Extract*', ' Calendula Officinalis Flower Extract*', ' Chamomilla Recutita Flower Extract*', ' Nasturtium Officinale Flower/Leaf Extract*', ' Spiraea Ulmaria', ' Meadowsweet Flower Extract*', ' *Certified Organic Ingredients']",https://www.ulta.com/sensitive-baby-fragrance-free-newborn-foam-shampoo-wash?productId=xlsImpprod18391081