Row Labels,Count of Product
AHAVA,11
Beauty Before Age Uplift Night Cream,1
Essential Day Moisturizer Combination,1
Essential Day Moisturizer Normal to Dry,1
Extreme Day Cream,1
Extreme Night Treatment,1
Mineral Radiance Day Cream SPF15,1
Night Replenisher Normal to Dry,1
Online Only Beauty Before Age Uplift Day Cream,1
Online Only Mineral Radiance Overnight De-Stressing Cream,1
Online Only Time To Smooth Age Control Sleeping Cream,1
Time To Smooth Age Control Even Tone Moisturizer,1
ALGENIST,9
ALIVE Prebiotic Moisturizer SPF 15,1
ELEVATE Advanced Lift Contouring Cream,1
Firming & Lifting Neck Cream,1
GENIUS Ultimate Anti-Aging Cream,1
Overnight Restorative Cream,1
POWER Advanced Wrinkle Fighter Moisturizer,1
Regenerative Anti-Aging Moisturizer,1
Repairing Tint & Radiance Moisturizer SPF 30,1
SPLASH Absolute Hydration Replenishing Gel Moisturizer,1
ALPHA SKINCARE,3
Enhanced Renewal Cream,1
Online Only Essential Renewal Lotion,1
Online Only Moisturizing Facial Sunscreen SPF 30,1
AMERICAN CREW,1
All-In-One Face Balm Broad Spectrum SPF 15,1
ANASTASIA BEVERLY HILLS,1
Hydrating Oil,1
ANDALOU NATURALS,6
Dmae Lift & Firm Cream,1
Online Only Quenching Coconut Milk Youth Firm Night Cream,1
Online Only Quenching Coconut Water Visibly Firm Day Cream,1
Probiotic + C Renewal Cream,1
Q10 Night Repair Cream,1
Ultra Sheer Daily Defense Facial Lotion,1
ANTHONY,5
Advanced Formula Mint + White Tea Lip Balm SPF 25,1
All Purpose Facial Moisturizer,1
Day Cream SPF 30,1
High Performance Anti-Wrinkle Glycolic Peptide Serum,1
High Performance Vitamin A Facial Treatment,1
AQUAPHOR,8
Healing Ointment,2
Healing Ointment Tube,1
Lip Repair,1
Online Only Heal Ointment Mini Jar,1
Online Only Healing Ointment,1
Online Only Healing Ointment No Touch Applicator,1
Online Only Lip Repair + Protect Broad Spectrum SPF 30,1
AVEENO,14
Absolutely Ageless Daily Moisturizer SPF 30,1
Absolutely Ageless Eye Cream,1
Absolutely Ageless Restoring Night Cream,1
Creamy Moisturizing Oil,1
Daily Moisturizer,1
Daily Moisturizer with SPF 15,1
MaxGlow No Mess Sleep Mask,1
Positively Radiant Daily Moisturizer SPF 30,1
Positively Radiant Night Cream,1
Positively Radiant Overnight Hydrating Facial,1
Positively Radiant Sheer Daily Moisturizer SPF 30,1
Travel Size Ultra-Calming Daily Moisturizer SPF 30,1
Ultra-Calming Moisturizer SPF 15,1
Ultra-Calming Nourishing Night Cream,1
BABO BOTANICALS,1
Online Only Daily Sheer Tinted Mineral Sunscreen SPF 30 Fragrance Free for Sensitive Skin,1
BAREMINERALS,10
Ageless Genius Firming & Wrinkle Smoothing Neck Cream,1
Bare Haven Essential Moisturizing Soft Cream,1
Butter Drench Restorative Rich Cream,1
Complexion Rescue Defense Radiant Protective Veil Broad Spectrum SPF 30,1
Complexion Rescue Tinted Hydrating Gel Cream Broad Spectrum SPF 30,1
Eternalixir Skin-Volumizing Oil Serum,1
Prime Time BB Primer-Cream Daily Defense Broad Spectrum SPF 30,1
Skinlongevity Vital Power Sleeping Gel Cream,1
Smart Combination Smoothing Lightweight Emulsion,1
True Oasis Oil-Free Replenishing Gel Cream,1
BAXTER OF CALIFORNIA,2
Oil Free Moisturizer SPF 15,1
Super Shape Skin Recharge Cream,1
BEAUTY BAKERIE,1
Wake & Bake Face Oil,1
BEAUTY BY POPSUGAR,1
Just Enough Tinted Moisturizer,1
BELLI,3
Online Only Clearly Coconut Oil Spray,1
Online Only Healthy Glow Facial Hydrator,1
Online Only Sheer Comfort Lip Balm,1
BENEFIT COSMETICS,2
Total Moisture Facial Cream,1
Triple Performing Facial Emulsion,1
BLISS,3
Drench & Quench Moisturizer,1
Ex-Glow-Sion Moisturizer,1
Fabulips Lip Scrub,1
BOSCIA,6
Online Only Clear Complexion Moisturizer,1
Online Only Clear Complexion Tonic,1
Online Only Green Tea Oil-free Moisturizer,1
Online Only Tsubaki Beauty Oil,1
Online Only Tsubaki Swirl,1
Revitalizing Black Charcoal Hydration Gel,1
BOTANICS,7
100% Organic Nourishing Facial Oil,1
81% Organic Hydrating Day Cream,1
93% Organic Hydrating Super Balm,1
All Bright Hydrating Day Cream Sunscreen Broad Spectrum SPF 15,1
All Bright Hydrating Night Cream,1
Hydration Burst Hydrating Day Cream,1
Shine Away Mattifying Day Cream Sunscreen Broad Spectrum SPF 15,1
BURT'S BEES,30
A Bit of Burt's Bees Holiday Gift Set,1
BB Cream with SPF 15,1
Brightening Moisturizing Cream,1
Complete Nourishment Facial Oil,1
Daily Face Moisturizer for Sensitive Skin,1
Flavor Crystals Lip Balm,1
Intense Hydration Day Lotion,1
Kissable Color Holiday Gift Set,1
Lip Balm,1
Lip Gloss,1
Lip Shimmer,1
Lip Shine,1
Lip Treatment Lip Mask,1
Lip Treatment Lip Scrub,1
Lipstick,1
Matte Lip Crayon,1
Menthol & Eucalyptus Medicated Lip Balm,1
Moisturizing Gloss Lip Crayon,1
Moisturizing Liquid Lipstick,1
Online Only 100% Natural Facial Cleansing Oil,1
Online Only Beeswax Lip Balm 4 Pack,1
Online Only Lip Balm - All Weather SPF 15,1
Online Only Superfruit Lip Balm 4 Pack,1
Overnight Intensive Lip Treatment,1
Renewal Day Lotion SPF 30,1
Skin Nourishment Day Lotion with SPF 15,1
Skin Perfecting Serum,1
Tinted Lip Balm,1
Tinted Lip Oil,1
Ultra Conditioning Lip Balm with Kokum Butter,1
C&C BY CLEAN & CLEAR,1
Don't Flake Gel Moisturizer,1
CANE + AUSTIN,1
Online Only Facial Moisture Cream,1
CERAVE,8
"AM Face Moisturizer with Sunscreen, SPF 30",1
PM Face Moisturizer for Nighttime Use,1
SA Moisturizing Cream for Rough and Bumpy Skin,1
"Skin Renewing Day Cream with Sunscreen, SPF 30",1
Skin Renewing Gel Oil to Improve Skin Radiance,1
Skin Renewing Night Cream,1
Travel Size Moisturizing Cream for Normal to Dry Skin,1
Ultra-Light Face Moisturizing Lotion SPF 30,1
CETAPHIL,9
Daily Advance Lotion,1
Daily Facial Moisturizer,1
DermaControl Oil Control Moisturizer SPF 30,1
Facial Hydrating Lotion,1
Facial Night Cream,1
Moisturizing Cream,1
Moisturizing Lotion,1
Redness Relief Night Cream,1
UVA/UVB Defense SPF50 Daytime Moisturizer,1
CLARINS,27
Beauty Flash Balm,1
Blue Orchid Face Treatment Oil,1
Booster Detox,1
Booster Energy,1
Booster Repair,1
Extra-Firming Neck Anti-Wrinkle Rejuvenating Cream,1
Extra-Firming Wrinkle Control Firming Day Cream All Skin Types,1
Extra-Firming Wrinkle Control Firming Day Cream Broad Spectrum SPF 15 All Skin Types,1
Extra-Firming Wrinkle Control Firming Day Rich Cream For Dry Skin,1
Extra-Firming Wrinkle Control Regenerating Night Cream All Skin Types,1
Extra-Firming Wrinkle Control Regenerating Night Rich Cream For Dry Skin,1
Hydra-Essentiel Cooling Gel,1
Hydra-Essentiel Silky Cream,1
Lotus Face Treatment Oil,1
Multi-Active Day Cream - All Skin Types,1
Multi-Active Day Cream SPF 20,1
"Multi-Active Day Cream-Gel, Normal to Combination Skin",1
"Multi-Active Night Cream, Normal to Combination Skin",1
Online Only Hydra-Essentiel Moisture Replenishing Lip Balm,1
Online Only Hydra-Essentiel Rich Cream,1
Online Only Hydra-Essentiel Silky Cream SPF 15,1
Online Only Multi-Active Day Cream for Dry Skin,1
"Online Only Multi-Active Night Cream, Normal to Dry Skin",1
Super Restorative Day,1
Super Restorative Day SPF 20,1
Super Restorative Neck and Décolleté Concentrate,1
Super Restorative Night,1
CLINIQUE,48
Age Defense BB Cream Broad Spectrum SPF 30,1
Breast Cancer Awareness Jumbo Dramatically Different Moisturizing Lotion+,1
Clinique For Men Anti-Age Moisturizer,1
Clinique For Men Anti-Fatigue Hydrating Concentrate SPF 25,1
Clinique For Men Broad Spectrum SPF 21 Moisturizer,1
Clinique For Men Maximum Hydrator,1
Clinique For Men Maximum Hydrator Activated Water-Gel Concentrate,1
Clinique For Men Moisturizing Lotion,1
Clinique For Men Oil-Control Mattifying Moisturizer,1
CliniqueFIT Post-Workout Mattifying Moisturizer,1
CliniqueFIT Workout Face + Body Hydrating Spray,1
Dramatically Different Hydrating Jelly,1
Dramatically Different Moisturizing Cream,1
Dramatically Different Moisturizing Gel,1
Dramatically Different Moisturizing Lotion+,1
Even Better Moisturizer SPF 20,1
Even Better Skin Tone Correcting Lotion SPF 20,1
Limited Edition Jumbo Dramatically Different Moisturizing Gel,1
Limited Edition Jumbo Dramatically Different Moisturizing Lotion+,1
Moisture Surge 72 Hour Auto-Replenishing Hydrator,1
Moisture Surge CC Cream Hydrating Colour Corrector Broad Spectrum SPF 30,1
Moisture Surge Face Spray,1
Moisture Surge Hydrating Supercharged Concentrate,1
Moisture Surge Intense Skin Fortifying Hydrator,1
Pore Refining Solutions Stay Matte Hydrator,1
Redness Solutions Daily Relief Cream,1
Repair Sculpting Night Cream,1
Repairwear Intensive Lip Treatment,1
Repairwear Laser Focus Line Smoothing Cream Broad Spectrum SPF 15 Combination Oil to Oily,1
Repairwear Laser Focus Line Smoothing Cream Broad Spectrum SPF 15 Very Dry to Dry Combination,1
Repairwear Laser Focus Night Line Smoothing Cream Combination Oily to Oily,1
Repairwear Laser Focus Night Line Smoothing Cream Very Dry to Dry Combination,1
Repairwear Laser Focus Wrinkle Correcting Eye Cream,1
Smart Broad Spectrum SPF 15 Custom-Repair Moisturizer For Combination Oily Skin,1
Smart Broad Spectrum SPF 15 Custom-Repair Moisturizer For Dry Combination Skin,1
Smart Broad Spectrum SPF 15 Custom-Repair Moisturizer For Very Dry Skin,1
Smart Night Custom-Repair Moisturizer For Combination Oily Skin,1
Smart Night Custom-Repair Moisturizer For Dry Combination,1
Smart Night Custom-Repair Moisturizer For Very Dry Skin,1
Smart Treatment Oil,1
Superdefense Daily Defense Moisturizer Broad Spectrum SPF 20,1
Travel Size Clinique For Men Moisturizing Lotion,1
Travel Size Dramatically Different Hydrating Jelly,1
Travel Size Dramatically Different Moisturizing Gel,1
Travel Size Dramatically Different Moisturizing Lotion,1
Travel Size Moisture Surge 72 Hour Auto-Replenishing Hydrator,1
Travel Size Moisture Surge Hydrating Supercharged Concentrate,1
Turnaround Overnight Revitalizing Moisturizer,1
COOLA,4
Classic Liplux SPF30 Original,1
Classic Liplux SPF30 Vanilla Peppermint,1
Mineral Liplux SPF 30,1
Organic Face SPF 30 Rosilliance BB+ Cream,1
COSRX,5
Advanced Snail 92 All In One Cream,1
Honey Ceramide Full Moisture Cream,1
Oil Free Moisturizing Lotion,1
PHA Moisture Renewal Power Cream,1
Ultimate Nourishing Rice Overnight Spa Mask,1
COVERGIRL,3
Clean Matte BB Cream,1
Online Only Vitalist Go Glow Glotion,1
Outlast Lip Topcoat,1
CREPE ERASE,1
Intensive Body Repair Treatment,1
DDF,7
Online Only Advanced Firming Cream with Age Reverse Complex,1
Online Only Discoloration Reversal Moisturizer,1
Online Only Mattifying Oil Control Moisturizer with Sunscreen Broad Spectrum SPF 15,1
Online Only Pro-Retinol Complex 3 Moisturizer,1
Online Only Ultra Lite Oil Free Moisturizing Dew,1
Online Only Ultra-Lite Oil Free Moisturizing Dew with Sunscreen Broad Spectrum SPF 15,1
Online Only Weightless Defense Oil-Free Hydrator with Sunscreen Broad Spectrum SPF 45,1
DERMA E,8
Firming DMAE Moisturizer,1
Hydrating Day Cream,1
Hydrating Night Cream,1
Online Only Peptide And Collagen Serum,1
Skin Lighten,1
SunKissAlba Radiant Glow Oil,1
Vitamin C Intense Night Cream,1
Vitamin C Renewing Moisturizer,1
DERMADOCTOR,6
"Calm, Cool & Corrected Tranquility Cream",1
DD Cream Dermatologically Defining BB Cream Broad Spectrum SPF 30,1
Kakadu C Face Crème,1
Kakadu C High Potency Evening Oil,1
Photodynamic Therapy 3-in-1 Facial Lotion with Broad Spectrum SPF 30,1
Wrinkle Revenge Rescue & Protect Facial Cream,1
DERMALOGICA,19
Active Moist,1
Age Smart Super Rich Repair,1
Antioxidant HydraMist,1
Calm Water Gel,1
Clear Start Oil Clearing Matte Moisturizer SPF 15,1
Clear Start Soothing Hydrating Lotion,1
Dynamic Skin Recovery Broad Spectrum SPF 50,1
Lip Renewal Complex,1
Nightly Lip Treatment,1
Phyto Replenish Oil,1
Power Rich,1
PowerBright TRx Pure Light SPF 50,1
Pure Night,1
Sheer Tint SPF 20,1
Skin Hydrating Booster,1
Skin Smoothing Cream,1
Sound Sleep Cocoon,1
Travel Size Dynamic Skin Recovery Broad Spectrum SPF 50,1
Travel Size Skin Smoothing Cream,1
DIFFERIN,1
Online Only Soothing Moisturizer,1
DIONIS,6
Coconut Cream Lip Balm,1
Crisp Pear Lip Balm,1
Milk & Honey Lip Balm,1
Peppermint Lip Balm,1
Sweet Berry Lip Balm,1
Vanilla Bean Lip Balm,1
DOCTOR LIP BANG'S,3
Lip Freak Buzzing Lip Balm,1
Lip Freak Buzzing Lip Oil,1
Lip Freak Tinted Buzzing Lip Balm,1
DR. BRANDT,2
Pores No More Mattifying Hydrator,1
Xtend Your Youth Face Cream,1
DUKE CANNON SUPPLY CO,1
Online Only Cannon Balm,1
E.L.F. COSMETICS,6
Beauty Shield Skin Shielding Moisturizer,1
Daily Hydration Moisturizer,1
Hydrating Coconut Mist,1
Nourishing Night Cream,1
Online Only BB Cream SPF 20,1
Online Only Tinted Moisturizer SPF 20,1
ELEMIS,8
Online Only Pro-Collagen Neck & Décolleté Balm,1
Peptide 4 Night Recovery Cream-Oil,1
Pro-Collagen Marine Cream,1
Pro-Collagen Marine Oil,1
Pro-Collagen Oxygenating Night Cream,1
Superfood Day Cream,1
Superfood Facial Oil,1
Superfood Night Cream,1
ELIZABETH ARDEN,13
Online Only Advanced Lip-Fix Cream,1
Online Only Ceramide Lift and Firm Day Cream Broad Spectrum Sunscreen SPF 30,1
Online Only Ceramide Lift and Firm Night Cream,1
Online Only Ceramide Premiere Intense Moisture and Renewal Overnight Regeneration Cream,1
Online Only Eight Hour Cream All-Over Miracle Oil,1
Online Only Eight Hour Cream Lip Protectant Stick Sunscreen SPF 15,1
Online Only Eight Hour Cream Skin Protectant,1
Online Only Eight Hour Cream Skin Protectant Fragrance Free,1
Online Only Eight Hour Miracle Hydrating Mist,1
Online Only Limited Edition Eight Hour Lip Protectant & Lip Scrub Duo,1
Online Only PREVAGE Anti-Aging Moisture Lotion Broad Spectrum Sunscreen SPF 30,1
Online Only PREVAGE Anti-Aging Overnight Cream,1
Online Only Visible Difference Refining Moisture Cream Complex,1
EOS,16
Active Aloe SPF 30 Lip Balm,1
Crystal Melon Blossom Lip Balm,1
First Snow Lip Balm,1
Hibiscus Peach Lip Balm,1
Honey Apple Lip Balm,1
Limited Edition Holiday Lip Balm 2 Pk,1
Limited Edition Holiday Lip Balm with Tin,1
Lip Balm,1
Sheer Pink Shimmer Lip Balm,1
Smooth Sphere Lip Balm,1
Smooth Stick,1
Tropical Mango Lip Balm,1
Vanilla Orchid Lip Balm,1
Visibly Soft Cucumber Melon Lip Balm,1
Visibly Soft Pure Hydration Lip Balm,1
Wildberry Lip Balm,1
ESTÉE LAUDER,16
DayWear Matte Oil-Control Anti-Oxidant Moisture Gel Crème,1
DayWear Multi-Protection Anti-Oxidant 24H-Moisture Crème Broad Spectrum SPF 15,1
Online Only DayWear Advanced Multi-Protection Anti-Oxidant Creme Oil-Free Broad Spectrum SPF 25,1
Online Only DayWear Multi-Protection Anti-Oxidant Sheer Tint Release Moisturizer SPF 15,1
Online Only Micro Essence Skin Activating Treatment Lotion,1
Online Only NightWear Plus Anti-Oxidant Night Detox Crème,1
Online Only Nutritious Vitality8 Night Radiant Overnight Creme/Mask,1
Online Only Nutritious Vitality8 Radiant Moisture Crème,1
Online Only Perfectly Clean Fresh Balancing Lotion,1
Online Only Resilience Lift Firming/Sculpting Face And Neck Creme SPF 15 For Normal/Combination Skin,1
Online Only Resilience Lift Firming/Sculpting Face And Neck Lotion SPF 15 - Normal/Combination Skin,1
Online Only Resilience Lift Night Lifting/Firming Face and Neck Crème,1
Revitalizing Supreme+ Global Anti-Aging Cell Power Crème,1
Revitalizing Supreme+ Global Anti-Aging Cell Power Creme SPF 15,1
Set + Refresh Perfecting Makeup Mist,1
Travel Size DayWear Advanced Multi-Protection Anti-Oxidant Crème Broad Spectrum SPF 15,1
EVERY MAN JACK,2
Daily Sun Protection Face Lotion SPF 20,1
Mattifying Face Lotion Oil Defense,1
EVIAN MINERAL SPRAY,2
Natural Mineral Water Facial Spray,2
EXUVIANCE,12
Age Less Everyday,1
Age Reverse Day Repair SPF 30,1
Age Reverse HydraFirm,1
Age Reverse Toning Neck Cream,1
CitraFirm Face Oil,1
Essential Daily Defense Cream SPF 20,1
Evening Restorative Complex,1
Glycolic Expert Moisturizer,1
Multi-Protective Day Creme SPF 20,1
Night Renewal HydraGel,1
Sheer Refining Fluid SPF 35,1
Ultra Restorative Creme,1
FIRST AID BEAUTY,17
5 in 1 Face Cream SPF 30,1
Facial Radiance Illuminating Moisturizer,1
Skin Rescue Daily Face Cream,1
Skin Rescue Oil-Free Mattifying Gel,1
Skin Rescue Purifying Mask with Red Clay,1
Travel Size Ultra Repair Cream Honeysuckle,1
Travel Size Ultra Repair Cream Pink Grapefruit,1
Ultra Repair Cream,1
Ultra Repair Cream Honeysuckle,1
Ultra Repair Cream Pink Grapefruit,1
Ultra Repair Cream Vanilla Citron,1
Ultra Repair Face Moisturizer,1
Ultra Repair Hydra-Firm Sleeping Cream,1
Ultra Repair Lip Therapy,1
Ultra Repair Pure Mineral Sunscreen Moisturizer SPF 40,1
Ultra Repair Tinted Moisturizer SPF 30,1
Vitamin Hydrating Mist,1
FIZZ & BUBBLE,8
Blueberry Lip Scrub,1
Bubble Gum Lip Scrub,1
Cherry Slush Lip Scrub,1
Mint Mojito Lip Scrub,1
Pineapple Coconut Lip Scrub,1
Rainbow Sherbet Lip Scrub,1
Sugar Tart Lip Scrub,1
Watermelon Lip Scrub,1
FLOWER BEAUTY,1
Supernova Celestial Skin Elixir,1
FORMULA 10.0.6,7
Be Berry Balanced Grape + Vitamin B3 Nourishing Spray Toner,1
Be Berry Juicy Seaberry + Apple Hydrating Moisturizer,1
P.M. Perfector,1
Picture Perfect Day Moisturizer,1
Seriously Shine Free Mattifying Oil Free Moisturizer,1
Thirst No More! Moisturizer,1
Travel Size Thirst No More,1
FRANK BODY,6
Anti-Angry Face Mist,1
Cherry Bomb Lip Scrub,1
Everyday Face Moisturizer,1
Lip Balm,1
Lip Scrub,1
Online Only Shimmer Lip Duo,1
GARNIER,15
Online Only SkinActive Balancing Facial Mist with Green Tea,1
Online Only SkinActive Glow Boost Illuminating Moisturizer,1
Online Only SkinActive Hydrating Facial Mist with Aloe Juice,1
SkinActive Balancing 3-in-1 Face Moisturizer with Green Tea,1
SkinActive Clearly Brighter Brightening & Smoothing Daily Moisturizer SPF 15,1
SkinActive Hydrating 3-in-1 Face Moisturizer with Aloe,1
SkinActive Miracle Skin Perfector BB Cream Anti-Aging,1
SkinActive Miracle Skin Perfector BB Cream Oily/Combo Skin,1
SkinActive Moisture Bomb The Antioxidant Super Moisturizer,1
SkinActive Moisture Bomb The Antioxidant Super Moisturizer SPF 30,1
SkinActive Moisture Rescue Refreshing Gel-Cream,1
SkinActive Moisture Rescue Refreshing Gel-Cream For Dry Skin,1
SkinActive Soothing 3-in-1 Face Moisturizer with Rose Water,1
SkinActive Soothing Facial Mist with Rose Water,1
Travel Size SkinActive Facial Mist Spray with Rose Water,1
GOODAL,5
Clarifying Plum Infused Mist (Clarifying),1
Dewy Flower Infused Mist (Moisture),1
Energy Flower Infused Mist (Revital),1
Moisture Barrier Rich Mist,1
Online Only Super Seed Oil Plus Skin Mist,1
H2O PLUS,12
Aquadefense Matcha Essence,1
Aquadefense Matcha Facial Moisturizer,1
Infinity+ Chin & Neck Firmer,1
Infinity+ Deep Sleep Recovery Cream,1
Oasis Daily Defense Moisturizer SPF 30,1
Oasis Hydrating Treatment Water-Gel Moisturizer,1
Oasis Lip Gel,1
Oasis Quench The Day Hydrating Mist,1
Oasis Smooth Lip Conditioner,1
Oasis Ultra Hydrating Cream Water-Gel Cream Moisturizer,1
Sea Greens Body Butter,1
Waterbright Illuminating Night Cream,1
HEMPZ,6
Sugarcane & Papaya Exfoliating Herbal Lip Gloss,1
Sugarcane & Papaya Exfoliating Herbal Lip Scrub,1
Sweet Pineapple & Honey Melon Herbal Lip Balm,1
Triple Moisture Herbal Lip Balm,1
Ultra Moisturizing Herbal Lip Balm,1
Whipped Strawberry Crème & Chamomile Herbal Lip Balm,1
HEY HONEY,4
Online Only 24Seven Day & Night Revitalizing Cream,1
Online Only Besame Mucho Lip Balm,1
Online Only Boost It Up Daily Moisturizing Cream,1
Online Only Relax! Propolis & Honey Soothing Cream,1
HOUSE 99 BY DAVID BECKHAM,1
Greater Look Face Moisturiser,1
ICONIC LONDON,1
Prep Set Glow,1
IPKN,2
Online Only Moist & Firm BB Cream,1
Online Only Twinkle Lips,1
IT COSMETICS,9
Anti-Aging Armour with SPF 50+,1
Bye Bye Foundation Full Coverage Moisturizer with SPF 50+,1
Bye Bye Redness Skin Relief Treatment Moisturizer,1
Confidence in a Cream Moisturizing Super Cream,1
Confidence in a Cream Travel Size Confetti Popper,1
Travel Size Confidence in a Cream Transforming Moisturizing Super Cream,1
Travel Size Your Skin But Better CC+ Cream with SPF 50+,1
Your Skin But Better CC+ Cream Illumination SPF 50+,1
Your Skin But Better CC+ Cream with SPF 50+,1
JACK BLACK,4
Clean Break Oil-Free Moisturizer,1
Double Duty Face Moisturizer SPF 20,1
Intense Therapy Lip Balm SPF 25,1
Limited Edition ULTAmint Lip Therapy,1
JERGENS,2
Hydrating Coconut Moisturizes & Softens Dry Skin Moisturizer,1
Natural Glow Healthy Complexion Daily Facial Moisturizer,1
JUICE BEAUTY,12
GREEN APPLE Age Defy Moisturizer,1
GREEN APPLE Brightening SPF 15 Moisturizer,1
Hydrating Mist,1
Nutrient Moisturizer,1
Oil-Free Moisturizer,1
Organic Treatment Oil,1
SPF 30 Oil-Free Moisturizer,1
STEM CELLULAR Anti-Wrinkle Moisturizer,1
STEM CELLULAR Anti-Wrinkle Overnight Cream,1
STEM CELLULAR CC Cream,1
STEM CELLULAR Lifting Neck Cream,1
Travel Size STEM CELLULAR Anti-Wrinkle Moisturizer,1
JULEP,2
Boost Your Radiance Reparative Rosehip Seed Facial Oil,1
You Got This Pressed Serum Daily Moisturizer,1
KATE SOMERVILLE,9
Age Arrest Anti-Wrinkle Cream,1
Dilo Oil Restorative Treatment,1
Dry Skin Saver,1
ExfoliKate Glow Moisturizer,1
Goat Milk Moisturizing Cream,1
Nourish Daily Moisturizer,1
Oil Free Moisturizer,1
RetAsphere 2-in-1 Retinol Night Cream,1
Wrinkle Warrior 2-in-1 Plumping Moisturizer + Serum,1
KOPARI BEAUTY,5
Coconut Face Cream,1
Coconut Kiss Kit,1
Coconut Lip Glossy,1
Save Face Oil,1
Travel Size Coconut Face Cream,1
L'ORÉAL,24
Age Perfect Cell Renewal Day Cream,1
Age Perfect Cell Renewal Night Cream,1
Age Perfect Cell Renewal Rosy Tone Moisturizer,1
Age Perfect Hydra Nutrition All Over Paraben Free Honey Balm,1
Age Perfect Hydra-Nutrition Anti-Sagging + Ultra-Nourishing Moisturizer Day/Night Cream,1
Age Perfect Hydra-Nutrition Golden Balm Face/Neck/Chest,1
Age Perfect Rosy Tone Fragrance Free Face Moisturizer,1
Anti-Sagging and Ultra Hydrating Day Cream with Dermo-Peptide SPF 15,1
Anti-Sagging and Ultra Hydrating Night Cream with Dermo-Peptide,1
Hydra Genius Daily Liquid Care Normal/Dry Skin,1
Hydra Genius Daily Liquid Care Normal/Oily Skin,1
Online Only Age Perfect Hydra Nutrition Honey Day Cream,1
Online Only Age Perfect Hydra Nutrition Honey Night Balm Paraben Free,1
Online Only Pure Sugar Smooth and Glow Grapeseed Lip Scrub,1
Online Only Visible Lift Luminous Serum Tint,1
Revitalift Anti Wrinkle + Firming Night Cream,1
Revitalift Anti-Wrinkle + Firming Face & Neck Cream,1
Revitalift Bright Reveal SPF 30 Moisturizer,1
Revitalift Miracle Blur Instant Skin Smoother Finishing Cream SPF 30,1
Revitalift Triple Power Intensive Anti-Aging Day Cream Moisturizer,1
Revitalift Triple Power Intensive Skin Revitalizer Serum + Moisturizer,1
Skin Cream,1
Studio Secrets Magic Skin Beautifier B.B. Cream,1
True Match Lumi Glotion Natural Glow Enhancer,1
LA ROCHE-POSAY,4
Anthelios 50 Daily Face Primer with Sunscreen SPF 50,1
Effaclar Mat Daily Face Moisturizer for Oily Skin,1
Online Only Toleriane Double Repair Moisturizer,1
Toleriane Double Repair Face Moisturizer UV SPF 30,1
LAB SERIES SKINCARE FOR MEN,10
AGE RESCUE+ Water Charged Gel Cream,1
Daily Moisture Defense Lotion Broad Spectrum SPF 15,1
MAX LS Age-Less Power V Lifting Cream,1
Online Only AGE RESCUE+ Face Lotion,1
Online Only Day Rescue Defense Lotion Broad Spectrum SPF 35,1
Online Only Night Recovery Lotion,1
PRO LS All-In One Face Treatment,1
PRO LS All-In-One Face Hydrating Gel,1
PRO LS All-In-One Shower Gel,1
PRO LS Lip Tech Lip Balm,1
LANCÔME,19
Énergie de Vie Antioxidant & Glow Boosting Liquid Care Moisturizer,1
Énergie De Vie Water-Infused Moisturizing Cream,1
Bienfait Aqua Vital Crème Continuous Infusing Moisturizer,1
Bienfait Aqua Vital Lotion Continuous Infusing Moisturizer,1
Bienfait Multi-Vital Daily Replenishing Oil,1
Bienfait Multi-Vital Eye Sunscreen Broad Spectrum SPF 30,1
Bienfait Multi-Vital Night,1
Bienfait Multi-Vital SPF 30 Cream,1
Bienfait Multi-Vital Sunscreen Lotion Broad Spectrum SPF 30,1
Bienfait Teinté Beauty Balm Sunscreen Broad Spectrum SPF 30,1
Rénergie Lift Multi-Action Lift And Firming Night Cream,1
Rénergie Lift Multi-Action Lifting And Firming Cream - All Skin Types,1
Rénergie Lift Multi-Action Lifting And Firming Cream - Dry Skin,1
Rénergie Lift Multi-Action Ultra Sunscreen Broad Spectrum SPF 30,1
Rénergie Multi-Glow Rosy Tone Moisturizer Cream,1
Visionnaire Advanced Multi-Correcting Cream,1
Visionnaire Advanced Multi-Correcting Cream Sunscreen Broad Spectrum SPF 20,1
Visionnaire Nuit Beauty Sleep Perfector Advanced Multi-Correcting Gel-In-Oil,1
Visionnaire Rich Cream,1
LANO,7
101 Ointment Coconutter Multi-Balm,1
All Over Everywhere Multi-Cream,1
Lips 101 Ointment Mulitpurpose Superbalm,1
Lips 101 Ointment Strawberry Multi-Balm,1
Lips Banana Balm Lip Sheen 3 In 1,1
Lips Lemonaid Lip Treatment,1
Lips Tinted Balm,1
LITTLE BARN APOTHECARY,6
Bamboo + Fresh Mint Clearing Mist,1
Borage + Botanicals Hydration Cream Concentrate,1
Coconut + Mint Cooling Mineral Mist,1
Helichrysum + Violet Fortifying Face Oil,1
Travel Size Coconut + Mint Cooling Mineral Mist,1
Witch Hazel + Sage Gel Hydrator,1
MAC,4
Mineralize Timecheck Lotion,1
Strobe Cream,1
Strobe Cream Little MAC,1
Studio Moisture Cream,1
MAD HIPPIE,3
Antioxidant Facial Oil,1
Face Cream,1
Hydrating Nutrient Mist,1
MAMONDE,4
Calming Hydro Sleeping Mask,1
Floral Hydro Cream,1
Floral Moisture Cream,1
Online Only Lip Sleeping Mask,1
MANCAVE,1
Online Only Moisturizer,1
MARIO BADESCU,30
A.H.A. & Ceramide Moisturizer,1
Aloe Lotion,1
Aloe Moisturizer SPF 15,1
Buttermilk Moisturizer,1
Caviar Night Cream,1
Cellufirm Moisturizer,1
Chamomile Night Cream,1
Collagen Moisturizer SPF 15,1
Control Moisturizer for Oily Skin,1
"Facial Spray with Aloe, Chamomile and Lavender",1
"Facial Spray with Aloe, Cucumber and Green Tea",1
"Facial Spray With Aloe, Herbs and Rosewater",1
Ginseng Moist Cream,1
Glycolic Skin Renewal Complex,1
Honey Moisturizer,1
Hydro Moisturizer With Vitamin C,1
Kera Moisturizer,1
Lip Balm,1
Oil Free Moisturizer SPF 17,1
Oil Free Moisturizer SPF 30,1
Peptide Renewal Cream,1
Protein Night Cream,1
Rose Hip Nourishing Oil,1
Seaweed Night Cream,1
Spritz. Mist. Glow. Set,1
The Moisture Magnet SPF 15,1
"Travel Size Facial Spray with Aloe, Chamomile and Lavender",1
"Travel Size Facial Spray with Aloe, Cucumber and Green Tea",1
Travel Size Oil Free Moisturizer SPF 17,1
Vitamin A-D-E Neck Cream,1
MAUI BABE,1
Maui Babe Lip Balm Mango SPF 30,1
MAYBELLINE,2
Dream Fresh BB Cream 8-In-1 Skin Perfector,1
Dream Pure BB Cream Skin Clearing Perfector,1
MEANINGFUL BEAUTY,3
Environmental Protecting Moisturizer Broad Spectrum SPF 30,1
Overnight Retinol Repairing Crème,1
Remodeling Lip Serum,1
MEMEBOX,4
Nooni Appleberry Lip Oil,1
Nooni Applebutter Lip Mask,1
Nooni Applecoco Lip Oil,1
Nooni Applemint Lip Oil,1
MICHAEL TODD BEAUTY,1
Online Only Ageless Face & Neck Cream,1
MILANI,2
Online Only Prep+Brighten Rose Face Oil,1
Online Only Prep+Sooth Camellia Face Oil,1
MISS SPA,1
Deep Wrinkle Hydrogel Lip Treatment,1
MURAD,13
Age Reform Hydro-Dynamic Ultimate Moisture,1
Age Reform Perfecting Day Cream Broad Spectrum SPF 30 / PA +++,1
Anti-Aging Acne Anti-Aging Moisturizer Broad Spectrum SPF 30 / PA+++,1
Dew a Little,1
Environmental Shield City Skin Overnight Detox Moisturizer,1
Environmental Shield Essential-C Day Moisture Broad Spectrum SPF 30 / PA+++,1
Environmental Shield Essential-C Night Moisture,1
Multi-Vitamin Infusion Oil,1
Nutrient-Charged Water Gel,1
Pore Rescue Balancing Moisturizer Broad Spectrum SPF 15 / PA++,1
Resurgence Age-Balancing Moisture Broad Spectrum SPF 30 / PA+++,1
Resurgence Rejuvenating Lift for Neck and Décolleté,1
Resurgence Retinol Youth Renewal Night Cream,1
NARS,1
Pure Radiant Tinted Moisturizer,1
NEUTROGENA,35
Ageless Intensives Deep Wrinkle Moisturizer SPF 20,1
Ageless Intensives Deep Wrinkle Moisturizing Night Cream,1
Ageless Intensives Deep Wrinkle Serum,1
Combination Skin Moisture,1
Daily Moisturizer,1
Deep Clean Purifying Micellar Water,1
Deep Moisture Day Cream,1
Deep Moisture Night Cream,1
Facial Moisturizer,1
Healthy Defense Daily Moisturizer SPF 50 with Helioplex,1
Healthy Defense Daily Moisturizer w/PureScreen,1
Healthy Skin Anti Wrinkle Cream Night,1
Healthy Skin Anti-Wrinkle Cream,1
Healthy Skin Face Lotion SPF 15,1
Healthy Skin Firming Cream SPF 15,1
Hydro Boost City Shield Facial Gel Mist,1
Hydro Boost City Shield Water Gel with Broad Spectrum SPF 25,1
Hydro Boost Gel-Cream,1
Hydro Boost Water Gel,1
Hydro Boost Water Gel SPF 15,1
Naturals Multi-Vitamin Moisturizer,1
Oil Free Acne Moisturizer,1
Oil-Free Moisture Sensitive Skin Ultra-Gentle Facial Moisturizer,1
Oil-Free Moisturizer SPF 35,1
Rapid Dark Circle Repair,1
Rapid Tone Repair Dark Spot Corrector,1
Rapid Tone Repair Moisturizer Night,1
Rapid Tone Repair Moisturizer SPF 30,1
Rapid Wrinkle Regenerating Face Cream,1
Rapid Wrinkle Repair Moisturizer SPF 30,1
Rapid Wrinkle Repair Night Moisturizer,1
Rapid Wrinkle Repair Retinol Oil,1
Rapid Wrinkle Repair Serum,1
Triple Age Repair Moisturizer with SPF 25,1
Triple Age Repair Night Moisturizer,1
NIA,1
Tech Neck Line Smoother,1
NIVEA,10
A Kiss of Cherry Fruity LIp Care,1
A Kiss Of Milk & Honey Soothing Lip Care,1
A Kiss of Mint & Minerals Refreshing Lip Care,1
A Kiss of Moisture Essential Lip Care,1
A Kiss of Shimmer Radiant Lip Care,1
Cocoa Butter Body Lotion,1
Online Only Men's Sensitive Post Shave Balm,1
Peach Shine Lip Care,1
Strawberry Shine Lip Care,1
Watermelon Shine Lip Care,1
NO7,10
Beautiful Skin Day Cream for Dry/Very Dry,1
Beautiful Skin Day Cream for Normal/Dry Skin,1
Beautiful Skin Day Cream for Normal/Oily Skin,1
Lift and Luminate Triple Action Day Cream,1
Lift and Luminate Triple Action Night Cream,1
Protect & Pefect Intense Advanced Night Cream,1
Protect & Perfect Intense Advanced Day Cream SPF 30,1
Restore & Renew Face & Neck Multi Action Day Cream SPF 30,1
Restore & Renew Face & Neck Multi Action Night Cream,1
Youthful Replenishing Facial Oil,1
NUFACE,1
Online Only Optimizing Mist,1
NYAKIO,9
Baobab Lip Balm,1
Baobab Youth Infused Daily Defense Crème,1
Chamomile Soothing Sleep Mask,1
Kenyan Coffee Lip Polish,1
Manketti & Mafura Anti-Aging Oil,1
Maracuja & Yangu Soothing Oil,1
Marula & Neroli Brightening Oil,1
Red Ginseng Line Smoothing Eye and Lip Cream,1
Tamanu Firming Face Balm,1
NYX PROFESSIONAL MAKEUP,1
BB Cream,1
OARS + ALPS,1
Moisturizing Face + Eye Cream,1
OLAY,30
CC Cream - Total Effects Tone Correcting Moisturizer with Sunscreen Broad Spectrum SPF 15,1
Complete All Day UV Moisturizer SPF 15 Normal Skin,1
Complete All Day UV Moisturizer SPF 15 Sensitive Skin,1
Complete Daily Defense All Day Moisturizer SPF 30 Sensitive Skin,1
Luminous Whip Face Moisturizer,1
Luminous Whip Face Moisturizer SPF 25,1
Mist Ultimate Hydration Essence Calming,1
Mist Ultimate Hydration Essence Energizing,1
Olay Regenerist Whip Fragrance-Free Moisturizer,1
Professional Pro-X Age Repair Lotion with SPF 30,1
Regenerist Deep Hydration Regenerating Cream,1
Regenerist Luminous Tone Perfecting Cream Moisturizer,1
Regenerist Micro Sculpting Cream,1
Regenerist Micro-Sculpting Cream,1
Regenerist Micro-Sculpting Cream Fragrance-Free,1
Regenerist Micro-Sculpting Cream Moisturizer SPF 30,1
Regenerist Miracle Boost Concentrate,1
Regenerist Night Recovery Cream,1
Regenerist Regenerating Lotion SPF 15,1
Regenerist UV Defense Regeneration Lotion SPF 50,1
Regenerist Whip Face Moisturizer,1
Regenerist Whip Face Moisturizer SPF 25,1
Total Effects Anti-Aging Fragrance-Free Moisturizer,1
Total Effects Anti-Aging Moisturizer With SPF 30,1
Total Effects Daily Moisturizer,1
Total Effects Fragrance-Free UV Moisturizer with SPF 15,1
Total Effects Fragrance-Free Whip Moisturizer Broad Spectrum SPF 25,1
Total Effects Night Firming Treatment,1
Total Effects Whip Face Moisturizer,1
Total Effects Whip Face Moisturizer SPF 25,1
ORGANIC TO GREEN,1
Online Only ARCTIC - Moisturizer,1
ORIGINS,17
A Perfect World Age-Defense Treatment Lotion with White Tea,1
A Perfect World SPF 40 Age-Defense Moisturizer with White Tea,1
Drink Up-Intensive Overnight Mask to Quench Skin's Thirst,1
GinZing Energy-Boosting Gel Moisturizer,1
Ginzing SPF 40 Energy-Boosting Tinted Moisturizer,1
GinZing Ultra-Hydrating Energy-Boosting Cream,1
High-Potency Night-A-Mins Oil-Free Resurfacing Cream with Fruit-Derived AHAs,1
High-Potency Night-A-Mins Resurfacing Cream with Fruit-Derived AHAs,1
Online Only A Perfect World Antioxidant Moisturizer with White Tea,1
Online Only Blooming Bold Lipstick,1
Online Only Blooming Sheer Lip Balm,1
Online Only Dr. Andrew WEIL for Origins Mega-Mushroom Skin Relief Soothing Face Cream,1
Online Only Make A Difference Plus + Rejuvenating Treatment,1
"Online Only Three Part Harmony Soft Cream for Renewal, Repair and Radiance",1
Plantscription SPF 25 Power Anti-Aging Cream,1
Plantscription Youth-Renewing Power Night Cream,1
Zero Oil Oil-Free Moisture Lotion with Saw Palmetto and Mint,1
PÜR,5
4-In-1 Cloud Cream,1
4-In-1 Tinted Moisturizer Broad Spectrum SPF 20,1
Get A Lift Firming Facial Cream,1
Miracle Mist Hydrating Spray,1
Soak It Up Intense Hydrating Moisturizer,1
PACIFICA,21
Alight Multi-Mineral BB Cream,1
Bali Coconut Lip Balm,1
Coconut Essence Hydro Mist,1
Coconut Probiotic Water Rehab Cream,1
Crystal Crush Lip Balm,1
Crystal Lit Moon Oil,1
Crystal Power Hydro Mist,1
Crystal Youth Gem Infused Face Lotion,1
Cucumber Mint Lip Balm,1
Dreamy Youth Day & Night Face Cream,1
Hawaiian Banana Lip Balm,1
Indian Chai Lip Balm,1
Kale Luxe Oil-Free Cream,1
Lips Like Sugar Candied Lemon & Sugar Lip Scrub,1
Pineapple Flower Oil-Free Matte Mist,1
Pineapple Splash Lip Balm,1
Rainbow Watermelon Lip Balm,1
Rose Flower Hydro Mist,1
Sea Rescue Replenishing Gel,1
Sun + Lipcare SPF 30 Mineral Color Lip Balm,1
Ultra CC Cream Radiant Foundation,1
PATCHOLOGY,5
Kiss Kiss Kit,1
Online Only AquaFlash Daily Gel Moisturizer,1
Online Only FlashPatch Hydrating Lip Gels,1
Online Only Lip Service,1
Online Only Travel Size FlashPatch Hydrating Lip Gels,1
PEACH & LILY,4
KBeauty Rescue Balm,1
Lazy Day's All-In-One Moisture Pad,1
Matcha Pudding Antioxidant Cream,1
Pure Beam Luxe Oil,1
PERCY NOBLEMAN,1
Online Only Face & Stubble Moisturiser,1
PERRICONE MD,11
Cold Plasma Sub-D,1
Cold Plasma+ Neck & Chest Broad Spectrum SPF 25,1
Essential Fx Acyl-Glutathione Rejuvenating Moisturizer,1
H2 Elemental Energy Hydrating Cloud Cream,1
High Potency Classics Face Finishing & Firming Tinted Moisturizer SPF 30,1
High Potency Classics Hyaluronic Intensive Moisturizer,1
High Potency Classics: Face Finishing & Firming Moisturizer,1
Hypoallergenic Nourishing Moisturizer,1
Online Only Vitamin C Ester Brightening Overnight Treatment,1
PRE:EMPT SERIES Oil-Free Hydrating Cream,1
Vitamin C Ester Photo-Brightening Moisturizer Broad Spectrum SPF 30,1
PETER THOMAS ROTH,13
10% Glycolic Solutions Moisturizer,1
Camu Camu Power C X 30 Vitamin C Brightening Moisturizer,1
Cucumber De-Tox Bouncy Hydrating Gel,1
Cucumber De-Tox Water Mist,1
Hungarian Thermal Water Mineral-Rich Moisturizer,1
Max Sheer All Day Moisture Defense Lotion SPF 30,1
Oil-Free Moisturizer,1
Skin To Die For Mineral-Matte CC Cream Broad Spectrum SPF 30,1
Travel Size Hungarian Thermal Water Mineral-Rich Moisturizer,1
Travel Size Water Drench Hyaluronic Cloud Cream,1
Un-Wrinkle Night,1
Water Drench Hyaluronic Cloud Cream,1
Water Drench Hyaluronic Cloud Serum,1
PHILOSOPHY,20
Anti-Wrinkle Miracle Worker Moisturizer,1
Clear Days Ahead Oil-Free Salicylic Acid Acne Treatment & Moisturizer,1
Hope In A Jar,1
Online Only Renewed Hope for Men,1
Online Only Renewed Hope In Jar Micro-Renewal Hydrating Mist,1
Online Only Take A Deep Breath Night Oil-Free Detoxifying Gel-Balm,1
Online Only Ultimate Miracle Worker Fix Lip Serum Stick,1
Purity Made Simple Moisturizer,1
Renewed Hope In A Jar,1
Renewed Hope In A Jar Dry,1
Renewed Hope In A Jar Overnight,1
Renewed Hope In A Jar Skin Tint,1
Renewed Hope In A Jar SPF 30,1
Travel Size Miracle Worker Miraculous Anti-Aging Moisturizer,1
Travel Size Purity Made Simple Moisturizer,1
Travel Size Renewed Hope In A Jar,1
Travel Size Ultimate Miracle Worker SPF 30,1
Ultimate Miracle Worker Multi-Rejuvenating Lightweight Emulsion SPF 30,1
Ultimate Miracle Worker Night,1
Ultimate Miracle Worker SPF 30,1
PHYSICIANS FORMULA,6
Argan Wear Argan Oil,1
Argan Wear Ultra-Nourishing Argan Oil,1
Organic Wear 100% Natural Origin CC Cream SPF 20,1
Super BB #InstaReady BB Cream SPF 30,1
Super BB All-In-1 Beauty Balm Cream,1
Super CC Correct + Conceal + Cover Cream SPF 30,1
PMD,2
Online Only Kiss Smart Lip Plumping Serum,1
Online Only Recovery Moisturizer,1
PROACTIV,3
Complexion Perfecting Hydrator,1
Daily Oil Control SPF 30,1
Green Tea Moisturizer,1
PURA D'OR,1
Online Only Organic Argan Oil,1
PUREHEALS,1
Online Only Centella 70 Cream,1
REAL CHEMISTRY,1
Online Only Environmental Rescue Essential Day Cream,1
REBELS REFINERY,3
Geometric Pineapple Lip Balm,1
Lethal Lip Balm,1
Skull Lip Balm Mint Black,1
ROC,10
"Chest, Neck & Face Cream SPF 30",1
Deep Wrinkle Night Cream,1
Deep Wrinkle Serum,1
Multi-Correxion 5-in-1 Daily Moisturizer,1
Multi-Correxion 5-in-1 Restoring Night Cream,1
Retinol Correxion Daily Hydration Crème Advanced Anti-Wrinkle Formula Fragrance Free,1
Retinol Correxion Deep Wrinkle Daily Moisturizer,1
Retinol Correxion Deep Wrinkle Filler,1
Retinol Correxion Max Daily Hydration Crème,1
Retinol Correxion Sensitive Night Cream,1
RODIAL,9
Online Only Bee Venom Moisturiser,1
Online Only Bee Venom Night,1
Online Only Chin and Neck Gel,1
Online Only Dragon's Blood Night Cream,1
Online Only Dragons Blood Moisturiser,1
Online Only Snake Booster Oil,1
Online Only Snake Moisturiser O2 SPF 15,1
Online Only Stem Cell Magic Gel,1
Online Only Super-Fit Boob Job,1
ROSEBUD PERFUME CO.,12
Lip Balm Trio,1
Online Only Medley of Lip Balm Tubes,1
Online Only Menthol and Eucalyptus Balm Tin,1
Online Only Rose & Mandarin Lip Tin,1
Online Only Smith's Minted Rose Lip Balm Tin,1
Online Only Smith's Minted Rose Tube,1
Online Only Smith's Strawberry Lip Balm Tin,1
Online Only Three Lavish Layers of Lip Balm,1
Online Only Tropical Ambrosia Balm with Coconut and Mango Tin,1
Online Only Tropical Ambrosia Balm with Coconut and Mango Tube,1
Smith's Rosebud Salve,1
Smith's Rosebud Salve Tube,1
SHEAMOISTURE,10
100% Virgin Coconut Oil Daily Hydration Face Lotion,1
100% Virgin Coconut Oil Daily Hydration Glow Priming Moisturizer,1
100% Virgin Coconut Oil Lip Balm,1
African Black Soap and Bamboo Charcoal Gelee Moisturizer,1
African Black Soap Problem Skin Moisturizer,1
African Water Mint & Ginger Shea Butter Lip Balm,1
Coconut & Hibiscus Shea Butter Lip Balm,1
Fruit Fusion Shea Butter Lip Balm,1
Green Coconut & Activated Charcoal Moistuizing Jelly Cream,1
Superfruit Complex Shea Butter Lip Balm,1
SHISEIDO,18
Benefiance WrinkleResist24 Day Cream Broad Spectrum SPF 18,1
Benefiance WrinkleResist24 Day Emulsion Broad Spectrum SPF 18,1
Benefiance WrinkleResist24 Night Cream,1
Benefiance WrinkleResist24 Night Emulsion,1
Bio-Performance Advanced Super Revitalizing Cream,1
BioPerformance LiftDynamic Cream,1
"Essential Energy Day Cream, Board Spectrum SPF 20",1
Essential Energy Moisturizing Cream,1
Essential Energy Moisturizing Gel Cream,1
Ibuki Protective Moisturizer Broad Spectrum SPF 18,1
Ibuki Refining Moisturizer,1
Online Only Benefiance NutriPerfect Day Cream,1
Online Only Benefiance NutriPerfect Night Cream,1
Online Only Ibuki Refining Moisturizer Enriched,1
Pureness Matifying Moisturizer Oil-Free,1
Treatment Softener,1
White Lucent All Day Brightener Broad Spectrum SPF 22,1
White Lucent All Day Brightener Broad Spectrum SPF 23,1
SKIN & LAB,1
Red Cream,1
SKIN LAUNDRY,3
Daily Moisturizer Broad Spectrum SPF 35,1
Essential Daily Moisturizer,1
Wrinkle Release Repair Treatment with Retinol,1
SKIN&CO,3
Online Only Truffle Therapy Cream,1
Online Only Truffle Therapy Ultra-Pure Facial Oil,1
Online Only Umbrian Truffle Face Cream,1
SKINFIX,13
Online Only Coconut Mint Lip Repair Balm,1
Online Only Coconut Water Hydrating Mist,1
Online Only Extra Strength Sheer Face Ointment,1
Online Only Facial Hydrating Lotion,1
Online Only Lemon Mint Lip Repair balm,1
Online Only Lip Fix Kit,1
Online Only Lip Repair Balm,1
Online Only Minty Mint Lip Repair Balm,1
Online Only Nourishing Cream,1
Online Only Renewing Cream,1
Online Only Smoochable Six,1
Online Only Vanilla Mint Lip Repair Balm,1
Online Only Watermelon Mint Lip Repair Balm,1
SKINFOOD,8
Fresh Apple Cooling Gel,1
Online Only Miracle Food 10 Solution Cream,1
Online Only Miracle Food 10 Solution Emulsion,1
Online Only Premium Lettuce & Cucumber Water Emulsion,1
Online Only Yuja Water C Whitening Mist,1
Peach Jelly Soothing Gel 90,1
Peach Sake Emulsion,1
Royal Honey Propolis Enrich Essence,1
SKINRX LAB,5
MadeCera Cream,1
Online Only Madecera Sleeping Mask,1
Online Only Marine Moisture Mineral Mist,1
Online Only Marine Moisture Rich Cream,1
Online Only Marine Moisture Water Cream,1
SKYN ICELAND,9
Arctic Face Oil,1
Berry Lip Fix with Wintered Red Algae,1
Hydro Cool Firming Neck Gels,1
Online Only Glacial Spray Lotion,1
Oxygen Infusion Night Cream,1
Plumping Lip Gels,1
Pure Cloud Cream,1
The ANTIDOTE Cooling Daily Lotion,1
The Kiss Proof Lip Kit,1
SMASHBOX,5
Camera Ready BB Cream Broad Spectrum SPF 35,1
Camera Ready BB Water SPF 30,1
Photo Finish Primer Oil,1
Photo Finish Primer Water,1
Photo Finish Primerizer,1
SOAP & GLORY,3
Speedplump Day Moisturizer,1
Speedplump Overnight Miracle Moisture Mousse,1
The Fab Pore Daily Micro Smoothing Moisture Lotion,1
ST. TROPICA,1
Online Only Beauty Coco Organic Virgin Coconut Oil,1
STILA,1
Stay All Day 10-in 1 HD Illuminating Beauty Balm SPF 30,1
STRIVECTIN,11
Advanced Acid Repair Oleic Rapid Recovery Milk,1
Advanced Retinol Intensive Night Moisturizer,1
Multi-Action Restorative Cream,1
S.T.A.R. Light Retinol Night Oil,1
SD Advanced Intensive Concentrate For Wrinkles & Stretch Marks,1
Tightening & Sculpting Face Cream,1
Tightening Neck Serum Roller,1
TL Advanced Light Tightening Neck Cream,1
TL Advanced Tightening Neck Cream,1
TL Advanced Tightening Neck Cream Plus,1
Travel Size TL Tightening Neck Cream,1
SUN BUM,3
CocoBalm,1
Sunscreen Lip Balm SPF 30,1
Tinted Lip Balm SPF 15,1
SWEET & SHIMMER,6
Fresh Snowfall Lip Balm,1
Frosted Berry Lip Balm,1
Marshmallow Mint Lip Balm,1
Salted Caramel & Sugar Plum Lip Balm Set Gift Set,1
Salted Caramel & Winter Citrus Lip Balm Set,1
Vanilla Bean Lip Balm,1
TARTE,5
Amazonian Clay BB Tinted Moisturizer Broad Spectrum SPF 20,1
BB Tinted Treatment 12 Hour Primer Broad Spectrum SPF 30,1
Maracuja Oil,1
"Ready, Set, Radiant Skin Mist",1
Travel Size Maracuja Oil,1
TEAMI BLENDS,3
Online Only Glow Tea Infused Facial Oil,1
Repair Tea Infused Facial Oil,1
Soothe Tea Infused Facial Oil,1
THANK YOU FARMER,2
Miracle Age Repair Emulsion,1
True Water Light Gel Cream,1
THE BETTER SKIN CO.,3
Better Skin Glamour Drops Beauty Oil,1
Better Skin Mirakle Cream,1
Online Only Amaze Balm,1
THE BODY SHOP,25
Coco Calming Face Mist,1
Drops Of Youth Day Cream,1
Drops Of Youth Essence Lotion,1
Drops Of Youth Youth Concentrate,1
Hemp Lip Protector,1
Jumbo Tea Tree Oil,1
Lip Butter Kiss Me Cube,1
Mandarin Energizing Face Mist,1
Mint Mattifying Face Mist,1
Online Only Aloe Soothing Day Cream,1
Online Only Aloe Soothing Moisture Lotion SPF 15,1
Online Only Aloe Soothing Night Cream,1
Online Only Oils Of Life Intensely Revitalising Cream,1
Online Only Seaweed Mattifying Day Cream,1
Online Only Seaweed Mattifying Moisture Lotion SPF 15,1
Online Only Vitamin C Daily Moisturizer SPF 30,1
Rose Dewy Glow Face Mist,1
Strawberry Smoothing Face Mist,1
Tea Tree Oil Blemish Fade Night Lotion,1
Tea Tree Skin Mattifying Lotion,1
Vitamin E Aqua Boost Essence Lotion,1
Vitamin E Hydrating Face Mist,1
Vitamin E Intense Moisture Cream,1
Vitamin E Moisture Cream,1
Vitamin E Nourishing Night Cream,1
THIS WORKS,1
Online Only In Transit Camera Close-Up,1
TONYMOLY,3
Banana Lip Balm,1
Mini Peach Lip Balm,1
Panda's Dream Pocket Lip Balm,1
TOO COOL FOR SCHOOL,3
Coconut Milky Mist,1
Coconut Pure Soothing Gel,1
Egg Mellow Cream,1
TOO FACED,1
Lip Insurance Lip Primer,1
TREE HUT,2
Protecting Daily Moisturizer SPF 30,1
Sugarlips Lip Scrub,1
TRILOGY,9
Certified Organic Rosehip Oil,1
Hydrating Mist Toner,1
Online Only Age-Proof Line Smoothing Day Cream,1
Online Only Age-Proof Replenishing Night Cream,1
Online Only Balancing Face Lotion,1
Online Only Everything Balm,1
Online Only Rosapene Night Cream,1
Rosehip Oil Antioxidant+,1
Vital Moisturising Cream,1
TRIUMPH & DISASTER,2
Online Only Gameface Moisturiser Jar,1
Online Only Gameface Moisturiser Tube,1
TULA,2
Hydrating Day & Night Cream,1
Online Only Aqua Infusion Oil-Free Gel Cream,1
ULTA,7
24K Magic Beauty Oil,1
Aquablast Revitalizing Mist,1
Lip Balm SPF 30,1
Rosewater Facial Mist,1
Tinted Moisturizer SPF 30,1
Velvetskin Melting Moisturizer,1
Waterfull Gel - Cream Moisturizer,1
URBAN DECAY COSMETICS,1
Rehab Makeup Prep Hot Springs Hydrating Gel,1
VICHY,7
Aqualia Thermal Power Face Serum,1
Aqualia Thermal Rich Face Moisturizer for Dry Skin,1
LiftActiv Night Supreme Anti-Wrinkle Night Cream,1
"LiftActiv Serum 10 Supreme, Anti-Aging Face Serum",1
LiftActiv Supreme Face Moisturizer for Combination Skin,1
LiftActiv Vitamin C Brightening Skin Corrector,1
Travel Size Aqualia Thermal Rich Face Moisturizer for Dry Skin,1
WINKY LUX,1
Online Only White Tea Tinted Veil,1
X OUT,1
Online Only Shine Control,1
YES TO,3
Coconut 2-Step Lip Kit Pucker Up!,1
Coconut Ultra Hydrating Moisturizing Coconut Oil Stick,1
Tomatoes Facial Hydrating Lotion,1
YOURGOODSKIN,3
Brightening Exfoliating Wash,1
ProVitamin Overnight Cream,1
SPF 30 Anti-Oxidant Day Cream,1
ZOELLA BEAUTY,1
Splash Botanical So Soft Lip Oil,1
Grand Total,1056