Brand,Product Name,pH,Ingredients,Image Link,Item Link
The Ordinary,Niacinamide 10% + Zinc 1%,6,"Aqua (Water), Niacinamide, Pentylene Glycol, Zinc PCA, Dimethyl Isosorbide, Tamarindus Indica Seed Gum, Xanthan gum, Isoceteth-20, Ethoxydiglycol, Phenoxyethanol, Chlorphenesin.",https://product-image-uploads.s3-ca-central-1.amazonaws.com//rdn-niacinamide-10pct-zinc-1pct-30ml.png,https://reissue.co/product/the-ordinary-niacinamide-10----zinc-1-
COSRX,Low pH Good Morning Gel Cleanser,5.3,"Water, Cocamidopropyl Betaine, Sodium Lauroyl Methyl Isethionate, Polysorbate 20, Styrax Japonicus Branch/Fruit/Leaf Extract, Butylene Glycol, Saccharomyces Ferment, Cryptomeria Japonica Leaf Extract, Nelumbo Nucifera Leaf Extract, Pinus Palustris Leaf Extract, Ulmus Davidiana Root Extract, Oenothera Biennis (Evening Primrose) Flower Extract, Pueraria Lobata Root Extract, Melaleuca Alternifolia (Tea Tree) Leaf Oil, Allantoin, Caprylyl Glycol, Ethylhexylglycerin, Betaine Salicylate, Citric Acid, Ethyl Hexanediol, 1,2-Hexanediol, Trisodium Ethylenediamine Disuccinate, Sodium Benzoate, Disodium EDTA",https://product-image-uploads.s3-ca-central-1.amazonaws.com//lowphgoodmorninggelcleanser.png,https://reissue.co/product/cosrx-low-ph-good-morning-gel-cleanser
Thayer's,Alcohol-Free Rose Petal Witch Hazel Toner,5.7,"Purified Water, Certified Organic Witch Hazel Ext Blend (Hamamelis Virginiana Extract (Witch Hazel*), Aloe Barbadensis Leaf Juice (Filet of Aloe Vera*)), Glycerin, Phenoxyethanol, Rosa Centifolia (Rose) Flower Water, Fragrance (Natural Rose), Citric Acid, Citrus Grandis (Grapefruit) Seed Extract.",https://product-image-uploads.s3-ca-central-1.amazonaws.com//RosePetal_Thayers.png,https://reissue.co/product/thayer-s-alcohol-free-rose-petal-witch-hazel-toner
Pixi,Glow Tonic,4.5,"Water/Aqua/Eau, Aloe Barbadensis Leaf Juice, Glycolic Acid, Butylene Glycol, Glycerin, Sodium Hydroxide, Hamamelis Virginiana (Witch Hazel) Leaf Extract, Aesculus Hippocastanum (Horse Chestnut) Seed Extract, Hexylene Glycol, Fructose, Glucose, Sucrose, Urea, Dextrin, Alanine, Glutamic Acid, Aspartic Acid, Hexyl Nicotinate, Panax Ginseng Root Extract, Ethylhexylglycerin, Disodium EDTA, Biotin, Panthenol, PPG-26-Buteth-26, PEG-40 Hydrogenated Castor Oil, Phenoxyethanol, Fragrance (Parfum), Caramel, Red 4 (CI 14700)",https://product-image-uploads.s3-ca-central-1.amazonaws.com//Glow_Tonic_Pixi.png,https://reissue.co/product/pixi-glow-tonic
The Ordinary,AHA 30% + BHA 2% Peeling Solution,3.6,"Glycolic Acid, Aqua (Water), Aloe Barbadensis Leaf Water, Sodium Hydroxide, Daucus Carota Sativa Extract, Propanediol, Cocamidopropyl Dimethylamine, Salicylic Acid, Potassium Citrate, Lactic Acid, Tartaric Acid, Citric Acid, Panthenol, Sodium Hyaluronate Crosspolymer, Tasmannia Lanceolata Fruit/Leaf Extract, Glycerin, Pentylene Glycol, Xanthan gum, Polysorbate 20, Trisodium Ethylenediamine Disuccinate, Potassium Sorbate, Sodium Benzoate, Ethylhexylglycerin, 1,2-Hexanediol, Caprylyl Glycol.",https://product-image-uploads.s3-ca-central-1.amazonaws.com//rdn-aha-30pct-bha-2pct-peeling-solution-30ml.png,https://reissue.co/product/the-ordinary-aha-30----bha-2--peeling-solution
COSRX,Acne Pimple Master Patch,N/A,,https://product-image-uploads.s3-ca-central-1.amazonaws.com//Front-patch.png,https://reissue.co/product/cosrx-acne-pimple-master-patch
COSRX,Advanced Snail 96 Mucin Power Essence,N/A,"Snail Secretion Filtrate, Betaine, Butylene Glycol, 1,2-Hexanediol, Sodium Hyaluronate, Panthenol, Arginine, Allantoin, Ethyl Hexanediol, Sodium Polyacrylate, Carbomer, Phenoxyethanol",https://product-image-uploads.s3-ca-central-1.amazonaws.com//snail96_essence_IMG_4268.png,https://reissue.co/product/cosrx-advanced-snail-96-mucin-power-essence
COSRX,Aloe Soothing Sun Cream SPF50 PA+++,N/A,"Water, Ethylhexyl Methoxycinnamate, Glycerin, Propylene Glycol, Cyclopentasiloxane, Bis-Ethylhexyloxyphenol Methoxyphenyl Triazine, Phenylbenzimidazole Sulfonic Acid, Dicaprylyl Carbonate, Isoamyl P-Methoxycinnamate, Potassium Cetyl Phosphate, Alcohol, Dimethicone, Glyceryl Stearate, Butylene Glycol, Titanium Dioxide, C14-22 Alcohols, Polymethyl Methacrylate, Cetearyl Alcohol, Aloe Arborescens Leaf Extract, Dipotassium Glycyrrhizate, Tocopheryl Acetate, PEG-100 Stearate, Silica, C12-20 Alkyl Glucoside, Dimethicone/Vinyl Dimethicone Crosspolymer, Aluminum Hydroxide, Stearic Acid, Caprylyl Glycol, Acrylates/C10-30 Alkyl Acrylate Crosspolymer, Carbomer, Xanthan Gum, Triethanolamine, Sodium Hydroxide, Fragrance, Phenoxyethanol, Disodium EDTA",https://product-image-uploads.s3-ca-central-1.amazonaws.com//aloe_sun_1.png,https://reissue.co/product/cosrx-aloe-soothing-sun-cream-spf50-pa---
Drunk Elephant,C-Firma™ Day Serum,3.4,"Water/Aqua/Eau, Ethoxydiglycol, Ascorbic Acid, Glycerin, Laureth-23, Lactobacillus/Pumpkin Ferment Extract, Sclerocarya Birrea Seed Oil, Ferulic Acid, Sodium Hyaluronate, Chondrus Crispus Extract, Camellia Sinensis Leaf Extract, Lactobacillus/Punica Granatum Fruit Ferment Extract, Glycyrrhiza Glabra (Licorice) Root Extract, Vitis Vinifera (Grape) Juice Extract, Phyllanthus Emblica Fruit Extract, Hydrolyzed Wheat Protein, Tocopherol, Caprylhydroxamic Acid, Acetyl Glucosamine, Hydrolyzed Quinoa, Glutamylamidoethyl Imidazole, Dipotassium Glycyrrhizate, Tetrahydrodiferuloylmethane, Tetrahydrodemethoxydiferuloylmethane, Tetrahydrobisdemethoxydiferuloylmethane, Sodium Hyaluronate Crosspolymer, Glycine, Sucrose, Maltodextrin, Propanediol, Caprylyl Glycol, Sodium Hydroxide, Xanthan gum, Hydroxyethyl Acrylate/Sodium Acryloyldimethyl Taurate Copolymer, Isohexadecane, Polysorbate 60",https://product-image-uploads.s3-ca-central-1.amazonaws.com//C-Firma-30-web_1024x1024.png,https://reissue.co/product/drunk-elephant-c-firma--day-serum
COSRX X Soko Glam,Triple C Lightning Liquid,3.0,"Aronia Melanocarpa Fruit Extract (Black Chokeberry), Ascorbic Acid (Vitamin C), Butylene Glycol, Sodium lactate, Licorice Root Extract, 1,2- Hexanediol, Pullulan, Sodium Hyaluronate, Cassia Obtusifolia Seed Extract, Allantoin",https://product-image-uploads.s3-ca-central-1.amazonaws.com//Triple%20C%20Lightning%20Liquid%20COSRX.png,https://reissue.co/product/cosrx-x-soko-glam-triple-c-lightning-liquid
The Ordinary,Hyaluronic Acid 2% + B5,7,"Aqua (Water), Sodium Hyaluronate, Pentylene Glycol, Propanediol, Sodium Hyaluronate Crosspolymer, Panthenol, Ahnfeltia Concinna Extract, Glycerin, Trisodium Ethylenediamine Disuccinate, Citric Acid, Isoceteth-20, Ethoxydiglycol, Ethylhexylglycerin, Hexylene Glycol, 1,2-Hexanediol, Phenoxyethanol, Caprylyl Glycol.",https://product-image-uploads.s3-ca-central-1.amazonaws.com//rdn-hyaluronic-acid-2pct-b5-30ml.png,https://reissue.co/product/the-ordinary-hyaluronic-acid-2----b5
Aztec Secret,Indian Healing Clay Deep Pore Cleansing,N/A,100% Natural Calcium Bentonite (Green) Clay,https://product-image-uploads.s3-ca-central-1.amazonaws.com//7288c559-3606-47de-a8ca-ff67ee7cfd88_2.c714f705138d023c5e1c7da59efc4a5f.png,https://reissue.co/product/aztec-secret-indian-healing-clay-deep-pore-cleansing
The Ordinary,100% Organic Cold-Pressed Rose Hip Seed Oil,N/A,Rosa Canina Seed Oil.,https://product-image-uploads.s3-ca-central-1.amazonaws.com//rdn-100pct-organic-cold-pressed-rose-hip-seed-oil-30ml.png,https://reissue.co/product/the-ordinary-100--organic-cold-pressed-rose-hip-seed-oil
Drunk Elephant,B-Hydra Intensive Hydration Gel,5.5,"Water/Aqua/Eau, Butylene Glycol, Glycerin, Ammonium Acryloyldimethyltaurate/VP Copolymer, Pentylene Glycol, Ananas Sativus (Pineapple) Fruit Extract, Berberis Vulgaris Root Extract, Citrullus Lanatus (Watermelon) Fruit Extract, Lens Esculenta (Lentil) Fruit Extract, Pyrus Malus (Apple) Fruit Extract, Sclerocarya Birrea Seed Oil, Coconut Alkanes, Panthenol, Sodium PCA, Sodium Hyaluronate Crosspolymer, Sodium Lactate, Dipotassium Glycyrrhizate, Coco-Caprylate/Caprate, Cyclodextrin, Trisodium Ethylenediamine Disuccinate, Citric Acid, Chlorphenesin, Caprylyl Glycol, Phenoxyethanol, Ethylhexylglycerin",https://product-image-uploads.s3-ca-central-1.amazonaws.com//B-Hydra-web_1024x1024.png,https://reissue.co/product/drunk-elephant-b-hydra-intensive-hydration-gel
Cetaphil,Gentle Skin Cleanser,N/A,"Water, Cetyl Alcohol, Propylene Glycol, Sodium Lauryl Sulfate, Stearyl Alcohol, Methylparaben, Propylparaben, Butylparaben",https://product-image-uploads.s3-ca-central-1.amazonaws.com//Gentle-Skin-CleanserCetaphil.png,https://reissue.co/product/cetaphil-gentle-skin-cleanser
The Ordinary,Glycolic Acid 7% Toning Solution,3.6,"Aqua (Water), Glycolic Acid, Rosa Damascena Flower Water, Centaurea Cyanus Flower Water, Aloe Barbadensis Leaf Water, Propanediol, Glycerin, Triethanolamine, Aminomethyl Propanol, Panax Ginseng Root Extract, Tasmannia Lanceolata Fruit/Leaf Extract, Aspartic Acid, Alanine, Glycine, Serine, Valine, Isoleucine, Proline, Threonine, Histidine, Phenylalanine, Glutamic Acid, Arginine, PCA, Sodium PCA, Sodium Lactate, Fructose, Glucose, Sucrose, Urea, Hexyl Nicotinate, Dextrin, Citric Acid, Polysorbate 20, Gellan Gum, Trisodium Ethylenediamine Disuccinate, Sodium Chloride, Hexylene Glycol, Potassium Sorbate, Sodium Benzoate, 1,2-Hexanediol, Caprylyl Glycol.",https://product-image-uploads.s3-ca-central-1.amazonaws.com//rdn-glycolic-acid-7pct-toning-solution-240ml.png,https://reissue.co/product/the-ordinary-glycolic-acid-7--toning-solution
Hada Labo,Goku-Jyun Hyaluronic Acid Moist Lotion,N/A,"Water, Butylene Glycol, Glycerin, Disodium Succinate, Hydrolyzed Hyaluronic Acid, Hydroxyethycellulose, Methylparaben, PPG-10 Methyl Glucose Ether, Sodium Acetylated Hyaluronate, Sodium Hyaluronate, Succinic Acid",https://product-image-uploads.s3-ca-central-1.amazonaws.com//HyaluronicRich_HadaLabo.png,https://reissue.co/product/hada-labo-goku-jyun-hyaluronic-acid-moist-lotion
CeraVe,Hydrating Cleanser,N/A,"Aqua, Glycerin, Cetearyl Alcohol, Ceramide NP, Ceramide AP, Ceramide EOP, Phytosphingosine, Cholesterol, Hyaluronic Acid, Sodium Lauroyl Lactylate, Behentrimonium Methosulfate, Glyceryl Monostearate, Stearyl Alcohol, Cetyl Alcohol, PEG-40 Stearate, Polysorbate 20, Potassium Phosphate, Dipotassium Phosphate, Methylparaben, Propylparaben, Disodium EDTA, Carbomer, Xanthan Gum.",https://product-image-uploads.s3-ca-central-1.amazonaws.com//CeraVe_HydratingCleanser_v01.png,https://reissue.co/product/cerave-hydrating-cleanser
Drunk Elephant,T.L.C. Sukari Babyfacial™,3.55,"Water (Aqua), Glycolic Acid, Hydroxyethyl Acrylate/Sodium Acryloyldimethyl Taurate Copolymer, Glycerin, Sodium Hydroxide, Salicylic Acid, Aloe Barbadensis Leaf Extract, Camellia Oleifera Leaf Extract, Lactobacillus/Pumpkin Ferment Extract, Lactobacillus/Punica Granatum Fruit Ferment Extract, Opuntia Ficus-Indica Extract, Pyrus Malus (Apple) Fruit Extract, Silybum Marianum Seed Extract, Saccharomyces Cerevisiae Extract, Vitis Vinifera (Grape) Juice Extract, Camellia Sinensis Leaf Powder, Cicer Arietinum Seed Powder, Sclerocarya Birrea Seed Oil, Passiflora Edulis Seed Oil, Leuconostoc/Radish Root Ferment Filtrate, Sodium Hyaluronate Crosspolymer, Sodium PCA, Allantoin, Dipotassium Glycyrrhizate, Dextrin, Polydextrose, Sorbitan Isostearate, Amylopectin, Niacinamide, Phytosphingosine, Lactic Acid, Propanediol, Citric Acid, Titanium Dioxide, Trisodium Ethylenediamine Disuccinate, Polysorbate 60, Caprylyl Glycol, Chlorphenesin, Phenoxyethanol",https://product-image-uploads.s3-ca-central-1.amazonaws.com//Baby-50-web_1024x1024.png,https://reissue.co/product/drunk-elephant-t-l-c--sukari-babyfacial-
Krave Beauty,Matcha Hemp Hydrating Cleanser,N/A,"Camellia Sinensis Leaf Water, Water, Glycerin, Coco-Betaine, Methyl Gluceth-10, Ethoxydiglycol, Dipropylene Glycol, Methylpropanediol, Sodium Chloride, Butoxydiglycol, Diglycerin, Glycereth-26, Xanthan Gum, Camellia Sinensis Leaf Powder, Quillaja Saponaria Bark Extract, Prunus Amygdalus Dulcis (Sweet Almond) Oil, Cannabis Sativa (Hemp) Seed Oil, Avena Sativa (Oat) Kernel Extract, Diethoxydiglycol, Coco-Glucoside, Caprylyl Glycol, Glyceryl Caprylate, Decyl Glucoside, Pentylene Glycol, 1,2-Hexanediol, Sodium Cocoyl Isethionate, Butylene Glycol, Octanediol, Panthenol (Vitamin B5), Citric Acid, Ethylhexylglycerin, Caprylic/Capric Triglyceride, Sodium PCA, Disodium EDTA",https://product-image-uploads.s3-ca-central-1.amazonaws.com//MATCHA_CLEANSER.png,https://reissue.co/product/krave-beauty-matcha-hemp-hydrating-cleanser
Glossier,Milky Jelly Cleanser,4.5,"Water/Aqua/Eau, Rosa Damascena Flower Water, PEG-7 Glyceryl Cocoate, Propanediol, Isohexadecane, Poloxamer 184, Acrylamide/Sodium Acryloyldimethyltaurate Copolymer, Xylitylglucoside, Betaine, Allantoin, Glycerin, Panthenol, Symphytum Officinale Root Extract, Sodium Hyaluronate, Anhydroxylitol, Polysorbate 80, Xylitol, Ammonium Polyacryloyldimethyl Taurate, Isopropyl Myristate, Benzoic Acid, Ethylhexylglycerin, Sodium Hydroxide",https://product-image-uploads.s3-ca-central-1.amazonaws.com//milky_jelly_cleanser.png,https://reissue.co/product/glossier-milky-jelly-cleanser
Dr. Jart,Cicapair Tiger Grass Color Correcting Treatment,N/A,"Water, Centella Asiatica Leaf Water, Isononyl Isononanoate, Cyclopentasiloxane, Butylene Glycol, Dimethicone, Phenyl Trimethicone, Methyl Methacrylate Crosspolymer, Beeswax/Cire D'abeille, Glycerin, Diethylhexyl Carbonate, Polyglyceryl-3 Polyricinoleate, Niacinamide, Polymethylsilsesquioxane, Cyclohexasiloxane, Pan-Thenol, Diglycerin, Iron Oxides, Polyglyceryl-4 Diisostearate/Polyhydroxystearate/Sebacate, Dimethicone/Vinyl Dimethi- Cone Crosspolymer, Isododecane, Ethylene/Methacrylate Copolymer, Cetearyl Alcohol, Polyglyceryl-2 Triisostearate, Aluminum Hydroxide, Stearic Acid, Disteardimonium Hectorite, Acrylates/Ammonium Methacrylate Copolymer, Sclerotium Gum, Sodium Benzoate, Acrylates/Dimethicone Copolymer, Hydrogen Dimethicone, Chromium Oxide Greens, Triethyl Citrate, Potassium Sorbate, Fragaria Vesca (Strawberry) Leaf Extract, Disodium EDTA, BHT, Alcohol, Asiaticoside, Aden- Osine, Triethoxycaprylylsilane, Lavandula Angustifolia (Lavender) Oil, Boron Nitride, Asiatic Acid, Madecassic Acid, Citrus Grandis (Grapefruit) Peel Oil, Rosmarinus Officinalis (Rosemary) Leaf Oil, 1,2- Hexanediol, Anthemis Nobilis Flower Oil, Houttuynia Cordata Extract, Propanediol, Centella Asiatica Extract, Gentiana Lutea Root Extract, Artemisia Absinthium Extract, Achillea Millefolium Extract, Arnica Montana Flower Extract, Polysorbate 20, Aniba Rosodora (Rosewood) Wood Oil, Sodium Glycerophosphate, Selaginella Lepidophylla Extract, Potassium Magnesium Aspartate, Citric Acid, Calcium Gluconate, Madecassoside, Magnesium Gluconate, Centella Asiatica Meristem Cell Culture, Xanthan Gum, Titanium Dioxide, Zinc Oxide.",https://product-image-uploads.s3-ca-central-1.amazonaws.com//cicapaircct.png,https://reissue.co/product/dr--jart-cicapair-tiger-grass-color-correcting-treatment
Herbivore,Blue Tansy Resurfacing Clarity Mask,N/A,"Aloe Barbadensis (Organic Aloe) Leaf Juice, Hydroxyethyl Ethylcellulose (Plant Derived), Glycerin, Glyceryl Caprylate, Salix Nigra (Willow) Bark Extract, Tanacetum Annuum (Blue Tansy) Flower Oil, Ananas Sativus (Organic Pineapple) Fruit Extract, Carica Papaya (Organic Papaya) Fruit Extract, Carica Papaya (Organic Papaya) Leaf Extract, Jasminum Sambac (Jasmine) Flower Oil, Leuconostoc / (Leucidal) Radish Root Ferment Filtrate",https://product-image-uploads.s3-ca-central-1.amazonaws.com//bluetansy.png,https://reissue.co/product/herbivore-blue-tansy-resurfacing-clarity-mask
Belif,The True Cream Aqua Bomb,N/A,"Water, Dipropylene Glycol, Glycerin, Methl Trimethicone, Alcohol Denat, Dimethicone, Cyclopentasiloxane, 1,2-Hexanediol, Malakite Extract, Caprylic/Capric Triglyceride, Pentaerythrityl Tetraethylhexanoate, PEG/PPG/Polybutylene Glycol-8/5/3 Glycerin, Alchemilla Vulgaris Leaf Extract*, Equisetum Arvense Leaf Extract*, Stellaria Media (Chickweed) Extract*, Urtica Dioica (Nettle) Leaf Extract*, Plantago Lanceolata Leaf Extract*, Avena Sativa (Oat) Kernel Extract**, Calendula Officinalis Flower Extract**, Nepeta Cataria Extract**, Rubus Idaeus (Raspberry) Leaf Extract**, Baptisia Tinctoria Root Extract**, Dimethiconol, Polymethylsilsesquioxane, Sodium Acrylate/Acryloyldimethyltaurate/Dimethylacrylamide Crosspolymer, Isohexadecane, Polysorbate 60, Ceramide 3, Cholesterol, Butyrospermum Parkii (Shea) Butter, Phenl Trimethicone, Pentaerythrityl Tetraisostearate, Panthenol, Squalane, Triethylhexanoin, Macadamia Ternifolia Seed Oil, PEG-150, PEG-40 Hydrogenated Castor Oil, Acrylates/C10-30 Alkyl Acrylate Crosspolymer, C14-22 Alcohols, Arachidyl Glucoside, Hydrogenated Lecithin, PEG-100 Stearate, Stearic Acid, Glyceryl Stearate, Carbomer, Tromethamine, Trisodium EDTA, Fragrance+, Citronellol, Limonene, Citral, Geraniol, Linalool.",https://product-image-uploads.s3-ca-central-1.amazonaws.com//aqua-bomb-new-final.png,https://reissue.co/product/belif-the-true-cream-aqua-bomb
Hada Labo,Goku-jyun Premium Hyaluronic Acid Lotion,N/A,"Water, Butylene Glycol, Glycerin, PPG-10 Methyl Glucose Ether, Hydroxyethyl Urea, Sodium Acetyl Hyaluronate, Sodium Hyaluronate, Hydrolyzed Sodium Hyaluronate (Nano Hyaluronic Acid), Hydroypropyltrimonium Hyaluronate, Sodium Hyaluronate Crosspolymer (3d Hyaluronic Acid), Aphanothece Sacrum (Sacran) Exopolysaccharides, Hydrogenated Starch Hydrolysate, Glycosyl Trehalose, Diglycerin, Sorbitol, Pentylene Glycol, Triethyl Citrate, Carbomer, Polyquaternium-51, PEG-32, PEG-75, Ammonium Acrylates Copolymer, Disodium EDTA, Potassium Hydroxide, Diethoxyethyl Succinate, Disodium Succinate, Succinic Acid, Phenoxyethanol, Methylparaben",https://product-image-uploads.s3-ca-central-1.amazonaws.com//gokujyun_PremiumLotion.png,https://reissue.co/product/hada-labo-goku-jyun-premium-hyaluronic-acid-lotion
Laneige,Lip Sleeping Mask,N/A,"Diisostearyl Malate, Hydrogenated Polyisobutene, Phytosteryl / Isostearyl / Cetyl / Stearyl / Behenyl Dimer Dilinoleate, Hydrogenated Poly(C6-14 Olefin), Polybutene, Microcrystalline Wax / Cera Microcristallina / Cire Microcristalline, Butyrospermum Parkii (Shea) Butter, Synthetic Wax, Euphorbia Cerifera (Candelilla) Wax / Candelilla Cera / Cire de Candelilla, Sucrose Tetrastearate Triacetate, Butylene / Ethylene / Styrene Copolymer, Ethylene / Propylene / Styrene Copolymer, Mica (CI 77019), Astrocaryum Murumuru Seed Butter, Titanium Dioxide (CI 77891), Dimethicone, Fragrance / Parfum, Polyglyceryl-2 Diisostearate, Dehydroacetic Acid, Methicone, Copernicia Cerifera (Carnauba) Wax / Cera Carnauba / Cire de Carnauba, Polyglyceryl-2 Triisostearate, Yellow 6 Lake (CI 15985), Red 6 (CI 15850), Polyhydroxystearic Acid, Water, Potassium Alginate, Propanediol, Glycerin, Alcohol, Lycium Chinense Fruit Extract, Vaccinium Macrocarpon (Cranberry) Fruit Extract, Fragaria Chiloensis (Strawberry) Fruit Extract, Rubus Idaeus (Raspberry) Fruit Extract, Sapindus Mukorossi Fruit Extract, Vaccinium Angustifolium (Blueberry) Fruit Extract, Rubus Chamaemorus Seed Extract, Coffea Arabica (Coffee) Seed Extract, Chenopodium Quinoa Seed Extract, Magnesium Sulfate, Calcium Chloride, Sodium Hyaluronate, Beta-Glucan, Manganese Sulfate, Zinc Sulfate, Ascorbyl Glucoside.",https://product-image-uploads.s3-ca-central-1.amazonaws.com//lip_sleeping_mask.png,https://reissue.co/product/laneige-lip-sleeping-mask
COSRX,Salicylic Acid Daily Gentle Cleanser,N/A,"Water, Glycerin, Myristic Acid, Stearic Acid, Potassium Hydroxide, Lauric Acid, Butylene Glycol, Glycol Distearate, Polysorbate 80, Sodium Methyl Cocoyl Taurate, Salicylic Acid, Cocamidopropyl Betaine, PEG-60 Hydrogenated Castor Oil, Fragrance, Sodium Chloride, Melaleuca Alternigolia (Tea Tree) Leaf Oil, Caprylyl Glycol, Ethylhexylglycerin, Salix Alba (Willow) Bark Water, Saccharomyces Ferment, Cryptomeria Japonica Leaf Extract, Nelumbo Nucifera Leaf Extract, Pinus Palustris Leaf Extract, Ulmus Davidiana Root Extract, Oenothera Biennis (Evening Primrose) Flower Extract, Pueraria Lobata Root Extract, 1,2-Hexanediol, Ethyl Hexanediol, Citric Acid, Disodium EDTA",https://product-image-uploads.s3-ca-central-1.amazonaws.com//SalicylicAcidGentleCleanser_COSRX.png,https://reissue.co/product/cosrx-salicylic-acid-daily-gentle-cleanser
Bio-Oil,Bio-Oil,N/A,"Paraffinum Liquidum (Mineral Oil), Triisononanoin, Cetearyl Ethylhexanoate, Isopropyl Myristate, Retinyl Palmitate, Tocopheryl Acetate, Anthemis Nobilis Flower Oil, Lavandula Angustifolia (Lavender) Oil, Rosmarinus Officinalis (Rosemary) Leaf Oil, Calendula Officinalis Flower Extract, Helianthus Annuus (Sunflower) Seed Oil, Glycine Soja (Soybean) Oil, BHT, Bisabolol, Fragrance, Amyl Cinnamal, Benzyl Salicylate, Citronellol, Coumarin, Eugenol, Geraniol, Hydroxycitronellal, Hydroxyisohexyl 3-Cyclohexene Carboxaldehyde, Limonene, Linalool, Alpha-Isomethyl Ionone, Red 17.",https://product-image-uploads.s3-ca-central-1.amazonaws.com//Bio_oil.png,https://reissue.co/product/-bio-oil--bio-oil
Nature Republic,Soothing & Moisture Aloe Vera 92% Soothing Gel,N/A,"Aloe Vera Leaf Extract (92%), Ethanol, Glyceryl Polyacrylate, Dipropylene Glycol, Butyleneglycol, Glycerin, Propylene Glycol, 1,2-Hexanediol, Polyglutamic Acid, Betaine, Sodium Hyaluronate, Karen Dulcis Extract, Spearmint Extract, Lemon Balm Extract, Carbomer, PEG-60 Hydrogenated Castor Oil, Triethanolamine, Phenoxyethanol, Purified Water, Disodium EDTA",https://product-image-uploads.s3-ca-central-1.amazonaws.com//skin-soothing-and-moisture-aloe-vera-92-soothing-gel-1_grande.png,https://reissue.co/product/nature-republic-soothing---moisture-aloe-vera-92--soothing-gel
Klairs,Freshly Juiced Vitamin Drop,3.5,"Water, Propylen Glycol, Ascorbic Acid(5%), Hydroxyethylcellulose, Centella Asiatica Extract, Citrus Junos Fruit Extract, Illicium Verum(Anise) Fruit Extract, Citrus Paradisi(Grapefruit) Fruit Extract, Nelumbium Speciosum Flower Extract, Paeonia Suffruticosa Root Extract, Scutellaria Baicalensis Root Extract, Polysorbate 60, Brassica Oleracea Italica (Broccoli) Extract, Chaenomeles Sinensis Fruit Extract, Orange Oil Brazil, Sodium Acrylate/Sodium Acryloyldimethyl Taurate Copolymer, Disodium EDTA, Lavandula Angustifolia (Lavender) Oil, Camellia Sinensis Callus Culture Extract, Larix Europaea Wood Extract, Chrysanthellum Indicum Extract, Rheum Palmatum Root Extract, Asarum Sieboldi Root Extract, Quercus Mongolia Leaf Extract, Persicaria Hydropiper Extract, Corydalis Turtschaninovii Root Extract, Coptis Chinensis Root Extract, Magnolia Obovata Bark Extract, Lysine HCL, Proline, Sodium Ascorbyl Phosphate, Acetyl Methionine, Theanine, Lecithin, Acetyl Glutamine, SH-Olgopeptide-1, SH-Olgopeptide-2, SH-Polypeptide-1, SH-Polypeptide-9, SH-Polypeptide-11, Bacillus/Soybean/Folic Acid Ferment Extract, Sodium Hyaluronate, Caprylyl Glycol, Butylene Glycol, 1,2-Hexanediol",https://product-image-uploads.s3-ca-central-1.amazonaws.com//vitaminc_drop.png,https://reissue.co/product/klairs-freshly-juiced-vitamin-drop
The Ordinary,Alpha Arbutin 2% + HA,4.85,"Aqua (Water), Alpha-Arbutin, Polyacrylate Crosspolymer-6, Hydrolyzed Sodium Hyaluronate, Propanediol, PPG-26-Buteth-26, PEG-40 Hydrogenated Castor Oil, Lactic Acid, Trisodium Ethylenediamine Disuccinate, Ethoxydiglycol, Phenoxyethanol, Chlorphenesin.",https://product-image-uploads.s3-ca-central-1.amazonaws.com//rdn-alpha-arbutin-2pct-ha-30ml.png,https://reissue.co/product/the-ordinary-alpha-arbutin-2----ha
Glow Recipe,Watermelon Glow Sleeping Mask,N/A,"Water, Sodium Hyaluronate, Glycerin, Caulerpa Lentillifera (Seaweed) Extract, Simethicone, Citrullus Lanatus (Watermelon) Fruit, Silica, Propanediol, Glycolic Acid, Lactic Acid, Cucurbita Pepo (Pumpkin) Fruit Extract, Punica Granatum (Pomegranate) Fruit Extract, Musa Sapientum (Banana) Fruit Extract , Paeonia Suffruticosa (Peony) Root Extract, Glycyrrhiza Glabra (Licorice) Root Extract, Brassica Oleracea Capitata (Cabbage) Leaf Extract, Ipomoea Batatas (Sweet Potato) Root Extract, Betaine, Beta Glucan, Hydroxyethylcellulose, Xanthan Gum, Alcohol, Fragrance.",https://product-image-uploads.s3-ca-central-1.amazonaws.com//watermelonmask.png,https://reissue.co/product/glow-recipe-watermelon-glow-sleeping-mask
Krave Beauty,Beat the Sun SPF47 PA++++,N/A,"Water, Butyloctyl Salicylate, Dibutyl Adipate, Beta Vulgaris (Beet) Root Extract, Alcohol, Diethylamino Hydroxybenzoyl Hexyl Benzoate, Bis-Ethylhexyloxyphenol Methoxyphenyl Triazine, Ethylhexyl Triazone, Glycerin, Pentylene Glycol, Isoamyl p-Methoxycinnamate, Polysilicone-15, Inulin Lauryl Carbamate, Methyl Methacrylate Crosspolymer, Sodium Acrylate/Sodium Acryloyldimethyl Taurate Copolymer, Acrylates/C10-30 Alkyl Acrylate Crosspolymer, Tromethamine, Methylpropanediol, Isohexadecane, Caprylyl Glycol, Glyceryl Caprylate, Polymethylsilsesquioxane, 1,2-Hexanediol, Polysorbate 80, Lithospermum Erythrorhizon Root Extract, Macadamia Ternifolia Seed Oil, Sorbitan Oleate, Ethylhexylglycerin, Allantoin, Epigallocatechin Gallate, Sodium Ascorbyl Phosphate, Butylene Glycol, Resveratrol",https://product-image-uploads.s3-ca-central-1.amazonaws.com//sunscreen_kravebeauty.png,https://reissue.co/product/krave-beauty-beat-the-sun-spf47-pa----
Garnier,Micellar Water All-In-1 Cleansing Water,N/A,"Aqua/Water, Hexylene Glycol, Glycerin, Disodium Cocoamphodiacetate, Disodium EDTA, Poloxamer 184, Biguanide",https://product-image-uploads.s3-ca-central-1.amazonaws.com//Clean_MicellarWater_AllSkin_400ml_New.png,https://reissue.co/product/garnier-micellar-water-all-in-1-cleansing-water
Glossier,Solution,N/A,"Aqua/Water/Eau, Sodium Hydroxide, Lactic Acid, Glycolic Acid, Gluconolactone, Propanediol, Ethoxydiglycol, Magnesium Chloride, Glycereth-7 Trimethyl Ether, Niacinamide, Betaine, Inositol, Citric Acid, Glycerin, Phytic Acid, Pentylene Glycol, PEG-60 Hydrogenated Castor Oil, Caprylyl Glycol, Ethylhexylglycerin, Parfum/Fragrance, PEG-8, Aloe Barbadensis Leaf Juice, Acetic Acid, Potassium Hydroxide.",https://product-image-uploads.s3-ca-central-1.amazonaws.com//Solution_Glossier.png,https://reissue.co/product/glossier-solution
Drunk Elephant,Protini™ Polypeptide Cream,N/A,"Water/Aqua/Eau, Dicaprylyl Carbonate, Glycerin, Cetearyl Alcohol, Cetearyl Olivate, Sorbitan Olivate, Sclerocarya Birrea Seed Oil, Bacillus/Soybean/ Folic Acid Ferment Extract, Nymphaea Alba Root Extract, sh-Oligopeptide-1, sh-Oligopeptide-2, sh-Polypeptide-1, sh-Polypeptide-9, sh-Polypeptide-11, Copper Palmitoyl Heptapeptide-14, Heptapeptide-15 Palmitate, Palmitoyl Tetrapeptide-7, Palmitoyl Tripeptide-1, Alanine, Arginine, Glycine, Histidine, Isoleucine, Phenylalanine, Proline, Serine, Threonine, Valine, Acetyl Glutamine, Coconut Alkanes, Coco-Caprylate/Caprate, Sodium Hyaluronate, Aspartic Acid, Linoleic Acid, Linolenic Acid, Lecithin, Butylene Glycol, Polyvinyl Alcohol, Sodium Lactate, Sodium PCA, PCA, Sorbitan Isostearate, Carbomer, Polysorbate 20, Polysorbate 60, Lactic Acid/Glycolic Acid Copolymer, Hydroxyethyl Acrylate/Sodium Acryloyldimethyl Taurate Copolymer, Xanthan Gum, Isomalt, 1,2-Hexanediol, Caprylyl Glycol, Chlorphenesin, Phenoxyethanol, Tocopherol, Sodium Benzoate, Phenylpropanol, Glyceryl Caprylate, Symphytum Officinale Callus Culture Extract",https://product-image-uploads.s3-ca-central-1.amazonaws.com//Protini_1024x1024.png,https://reissue.co/product/drunk-elephant-protini--polypeptide-cream
Biologique Recherche,Exfoliating Lotion P50,3.0,"Purified Water (Aqua), Glycerin, Lactic Acid, Usnic Acid, Witch Hazel Extract (Hamamelis Virginiana), Myrrh Extract (Commiphora Myrrha), Myrtle Extract (Mytrus Communis), Onion Extract (Allium Cepa), Sage Extract (Salvia Hispanica), Ascorbic Acid, Niacinamide, Polysorbate 80 (&) Sulphur.",https://product-image-uploads.s3-ca-central-1.amazonaws.com//lotionp50.png,https://reissue.co/product/biologique-recherche-exfoliating-lotion-p50
Neutrogena,Hydro Boost Water Gel,N/A,"Water, Dimethicone, Glycerin, Dimethicone/vinyl Dimenticone Crosspolymer, Phenoxyethaqnol, Polyacrylamide, Cetearyl Olivate, Sorbitan Olivate, Dimethiconol, C13-14 Isoparaffin, Dimethicone Crosspolymer, Chlorphenesin, Carbomer, Laureth-7, Sodium Hyaluronate, Ethylhexylglycerin, Fragrance, C12-14 Pareth -12, Sodium Hydroxide, Blue 1",https://product-image-uploads.s3-ca-central-1.amazonaws.com//HydroBoostWaterGel_Neutrogena.png,https://reissue.co/product/neutrogena--hydro-boost-water-gel
Drunk Elephant,Shaba Complex™ Eye Serum,N/A,"Water/Aqua/Eau, Octyldodecanol, Glycerin, Boron Nitride, Saccharomyces/Xylinum/Black Tea Ferment, Coconut Alkanes, Cetyl Alcohol, Cetearyl Olivate, Sorbitan Olivate, Niacinamide, Copper Tripeptide-1, Leontopodium Alpinum Meristem Cell Culture, Dipeptide-2, Palmitoyl Tripeptide-1, Palmitoyl Tetrapeptide-7, Copper Lysinate/Prolinate, Hesperidin Methyl Chalcone, Chondrus Crispus (Carrageenan), Mangifera Indica (Mango) Seed Butter, Glycine Soja (Soybean) Oil, Hippophae Rhamnoides Oil, Sclerocarya Birrea Seed Oil, Sodium Hyaluronate Crosspolymer, Hydroxyethylcellulose, Coco-Caprylate/Caprate, Steareth-20, Lecithin, Panthenol, N-Hydroxysuccinimide, Ubiquinone, Citric Acid, Thioctic Acid, Tocopherol, Chrysin, Sclerotium Gum, Methylglucoside Phosphate, Xanthan Gum, Potassium Sorbate, Sodium Benzoate, Chlorphenesin, Caprylyl Glycol, Sodium Hydroxide, Phenoxyethanol, Pentylene Glycol, Ethylhexylglycerin",https://product-image-uploads.s3-ca-central-1.amazonaws.com//shaba-15-web_1024x1024.png,https://reissue.co/product/drunk-elephant-shaba-complex--eye-serum
CeraVe,PM Facial Moisturizing Lotion,N/A,"Aqua, Glycerin, Caprylic/Capric Triglycerides, Niacinamide, Behentrimonium Methosulfate, Cetearyl Alcohol, Ceteareth-20 and Cetearyl Alcohol, Dimethicone, Ceramide NP, Ceramide AP, Ceramide EOP, Phytosphingosine, Cholesterol, Hyaluronic Acid, Sodium Lauroyl Lactylate, Polyglyceryl-3 Diisostearate, Disodium EDTA, Potassium Phosphate, Dipotassium Phosphate, Methylparaben, Propylparaben, Carbomer, Xanthan Gum.",https://product-image-uploads.s3-ca-central-1.amazonaws.com//CeraVe_FacialLotionPM_v01.3.png,https://reissue.co/product/cerave-pm-facial-moisturizing-lotion
Whamisa,Organic Flowers Toner Deep Rich,N/A,"*Aloe Maculata Leaf Extract, Galactomyces Ferment Filtrate, *Glycerin, *Chrysanthemum Morifolium Flower Extract, *Avena Sativa (Oat) Kernel Extract, *Persea Gratissima (Avocado) Oil, *Argania Spinosa Kernel Oil, ***Scutellaria Baicalensis Root Extract, ***Glycyrrhiza Glabra (Licorice) Root Extract, Hibiscus Sabdariffa Flower Extract, ***Paeonia Suffruticosa Root Extract, Lithospermum Erythrorhizon Root Extract, *Helichrysum Arenarium Flower Extract, Xanthan Gum, *Brassica Oleracea Italica (Broccoli) Extract,*Lactobacillus/Chrysanthemum Sinense Flower Ferment Filtrate, *Lactobacillus/ Nelumbo Nucifera Flower Ferment Filtrate, *Lactobacillus/ Taraxacum Officinale (Dandelion) Rhizome/Root Ferment Filtrate, Aniba Rosaeodora (Rosewood) Wood Oil, Citrus Aurantium Bergamia (Bergamot) Fruit Oil, Cymbopogon Schoenanthus Oil, **Fragrance, d-Limonene, Linalool",https://product-image-uploads.s3-ca-central-1.amazonaws.com//Organic-Flowers-Toner-Deep-Rich.png,https://reissue.co/product/whamisa-organic-flowers-toner-deep-rich
Ole Henriksen,Banana Bright™ Eye Crème,N/A,"Aqua/Water/Eau, Simmondsia Chinensis (Jojoba) Seed Oil, Butyrospermum Parkii (Shea) Butter, Isododecane, Coconut Alkanes, Tetrahexyldecyl Ascorbate, Polyglyceryl-3 Rice Branate, Polyglyceryl-3 Beeswax, Cetearyl Alcohol, 3-0-Ethyl Ascorbic Acid, Glycerin, Dilinoleic Acid/Propanediol Copolymer, Polymethylsilsesquioxane, Cocoyl Proline, Pentaerythrityl Tetraisostearate, Dimethicone Crosspolymer, HDI/Trimethylol Hexyllactone Crosspolymer, Polyacrylate-13, Mica, Polysorbate 20, Caprylyl Glycol, Titanium Dioxide (CI 77891), Polyglyceryl-6 Ricinoleate, Polyglyceryl-6 Caprylate, Polyglyceryl-4 Caprate, Polyglyceryl-3 Cocoate, Phenoxyethanol, Coco-Caprylate/Caprate, Polyisobutene, Acrylates/C10-30 Alkyl Acrylate Crosspolymer, Parfum/Fragrance, Tamarindus Indica Seed Polysaccharide, Tocopheryl Acetate, Rosa Canina Fruit Extract, Lycium Barbarum Fruit Extract, Hippophae Rhamnoides Extract, Citrus Limon (Lemon) Fruit Extract, Citrus Aurantium Dulcis (Orange) Fruit Extract, Sodium Hydroxide, Sorbic Acid, Iron Oxides (CI 77491), Leuconostoc/Radish Root Ferment Filtrate, Sorbitan Isostearate, Silica, Sodium Benzoate, Propanediol, Vegetable Collagen, Aroma/Flavor, Ascorbic Acid, Linoleic Acid, Pullulan, Nannochloropsis Oculata Extract, Linolenic Acid, Citric Acid, Potassium Sorbate, Tocopherol, Citral, Limonene, Linalool.",https://product-image-uploads.s3-ca-central-1.amazonaws.com//BananaBrightEyeCreme_OleHenriksen.png,https://reissue.co/product/ole-henriksen-banana-bright--eye-cr-me
Bioré,UV Aqua Rich Watery Essence Sunscreen SPF50+ PA+++,N/A,"Water, Alcohol, Ethylhexyl Methoxycinnamate, Lauryl Methacrylate/Sodium Methacrylate Crosspolymer, Diethylamino Hydroxybenzoyl Hexyl Benzoate, Dimethicone, Acrylates/C10-30 Acrylate Crosspolymer, Glyceryl Stearate, Agar, Polyvinyl Alcohol, Sodium Hyaluronate, Citrus Grandis, Citrus Medica Limonum, Citrus Aurantium Dulcis, Xylitol, Butylene Glycol, Propylene Glycol, Sodium Hydroxide, Potassium Hydroxide, Phenoxyethanol, Disodium EDTA, BHT, Fragrance",https://product-image-uploads.s3-ca-central-1.amazonaws.com//Biore_aquarich_watery_essence.png,https://reissue.co/product/biore--uv-aqua-rich-watery-essence-sunscreen-spf50--pa---
Caudalie,Instant Detox Mask,N/A,"Water, Bentonite, Glycerin*, Acacia Senegal Gum*, Xanthan Gum, Benzyl Alcohol, Alcohol*, Sodium Dehydroacetate, Citrus Aurantium Bergamia (Bergamot) Fruit Oil*, Vitis Vinifera (Grape) Fruit Extract*, Lavandula Angustifolia (Lavender) Oil*, Sodium Citrate, Dehydroacetic Acid, Coffea Arabica (Coffee) Seed Extract*, Coffea Robusta Seed Extract*, Citric Acid*, Papain*, Cupressus Sempervirens Oil*, Salvia Sclarea (Clary) Oil*, Commiphora Myrrha Oil*, Santalum Album (Sandalwood) Oil*, Anthemis Nobilis Flower Oil*, Petroselinum Crispum (Parsley) Seed Oil*, Carbomer, 1,2-Hexanediol, Caprylyl Glycol, Sodium Benzoate, Lactic Acid, Potassium Sorbate, Algin, Limonene, Linalool. *Origine végétale - Plant origin - Origen vegetal - Origem vegetal - Origine vegetale - Pflanzlichen Ursprungs.",https://product-image-uploads.s3-ca-central-1.amazonaws.com//instant_detox_mask.png,https://reissue.co/product/caudalie-instant-detox-mask
Sunday Riley,U.F.O Ultra Clarifying Face Oil,N/A,"Silybum Marianum (Milk Thistle) Seed Oil, Nigella Sativa (Black Cumin) Seed Oil, Cucumis Sativus (Cucumber) Seed Oil, Diisopropyl Sebacate, Punica Granatum (Pomegranate) Seed Oil, Vaccinium Macrocarpon (Cranberry) Seed Oil, Dimethyl Isosorbide, Linum Usitatissimum (Flax) Seed Oil, Caprylic/Capric Triglycerides, Ethyl Linoleate, Hexylresorcinol, Glycyrrhiza Glabra (Licorice) Root Extract, Salicylic Acid, Prunus Armeniaca (Apricot) Kernel Oil, Chamomilla Recutita Flower Oil, Citrus Aurantium Amara (Neroli) Flower Oil, Melaleuca Alternifolia (Tea Tree) Leaf Oil, Helianthus Annuus Seed Oil, Rosmarinus Officinalis (Rosemary) Leaf Extract, Citrus Paradisii (Grapefruit) Peel Oil, Melia Azadirachta (Neem) Leaf Extract, Melia Azadirachta (Neem) Flower Extract, Coccinia Indica Fruit Extract, Amino Esters-1, Amber Leaf Extract, Solanum Melongena (Eggplant) Fruit Extract, Aloe Barbadensis Flower Extract, Lawsonia Inermis (Henna) Extract, Ocimum Sanctum Leaf Extract, Ocimum Basilicum (Basil) Leaf Extract, Curcuma Longa (Turmeric) Root Extract, Corallina Officinalis Extract, Simmondsia Chinensis (Jojoba) Seed Oil, Pearl Powder, Moringa Pterygosperma Seed Oil.",https://product-image-uploads.s3-ca-central-1.amazonaws.com//ufooil.png,https://reissue.co/product/sunday-riley-u-f-o-ultra-clarifying-face-oil
The Ordinary,Azelaic Acid Suspension 10%,4.5,"Aqua (Water), Isodecyl Neopentanoate, Dimethicone, Azelaic Acid, Dimethicone/Bis-Isobutyl PPG-20 Crosspolymer, Dimethyl Isosorbide, Hydroxyethyl Acrylate/Sodium Acryloyldimethyl Taurate Copolymer, Polysilicone-11, Isohexadecane, Tocopherol, Trisodium Ethylenediamine Disuccinate, Isoceteth-20, Polysorbate 60, Triethanolamine, Ethoxydiglycol, Phenoxyethanol, Chlorphenesin.",https://product-image-uploads.s3-ca-central-1.amazonaws.com//rdn-azelaic-acid-suspension-10pct-30ml.png,https://reissue.co/product/the-ordinary-azelaic-acid-suspension-10-
COSRX,Hyaluronic Acid Hydra Power Essence,N/A,"Hippophae Rhamnoides Water, Butylene Glycol, Glycerin, 1,2-Hexanediol, Sodium Hyaluronate, Panthenol, Ethyl Hexanediol",https://product-image-uploads.s3-ca-central-1.amazonaws.com//solution02.png,https://reissue.co/product/cosrx-hyaluronic-acid-hydra-power-essence
The Body Shop,Tea Tree Oil,N/A,"Aqua/Water/Eau (Solvent), Alcohol Denat. (Solvent), Polysorbate 60 (Surfactant), Melaleuca Alternifolia Leaf Oil/Melaleuca Alternifolia (Tea Tree) Leaf Oil (Natural Additive), Limonene (Fragrance Ingredient), Calophyllum Inophyllum Seed Oil (Skin Conditioning Agent), Citral (Fragrance Ingredient), Citronellol (Fragrance Ingredient), Leptospermum Petersonii Oil (Fragrance Ingredient), Tocopherol (Antioxidant).",https://product-image-uploads.s3-ca-central-1.amazonaws.com//tea-tree-skin-clearing-facial-wash-1052120-60ml-6-640x640.png,https://reissue.co/product/the-body-shop-tea-tree-oil
Herbivore,Jasmine Green Tea Balancing Toner,N/A,"Jasminum Officinale (Jasmine) Flower Water, Aloe Barbadensis Leaf Water, Hamamelis Virginiana (Witch Hazel) Flower Water, Salix Alba (Willow) Bark Extract, Glycerin/Zingiber Officinale (Ginger) Root Extract, Leuconostoc/ (Leucidal) Radish Root Ferment Fillrate, Jasminum Grandiflorum (Jasmine) Flower Extract, Citrus Aurantium Bergamia (Bergamot) Fruit Oil, Camellia Sinensis (Green Tea) Leaf Extract, Avena (Oat Avenanthramide) Sativa Kernel Extract, Potassium Sorbate, Melia Azadirachta Leaf Extract",https://product-image-uploads.s3-ca-central-1.amazonaws.com//jasminegreentea.png,https://reissue.co/product/herbivore-jasmine-green-tea-balancing-toner
Vichy,Minéral 89 Hyaluronic Acid Face Moisturizer,N/A,"Aqua, Phenoxyethanol, Caprylyl Glycol, Glycerin, Butylene Glycol, PEG/PPG/Polybutylene Glycol-8/5/3 Glycerin, Methyl Gluceth-20, Citric Acid, Sodium Hyaluronate (Hyaluronic Acid), Carbomer, Biosaccharide Gum-1.",https://product-image-uploads.s3-ca-central-1.amazonaws.com//m89final.png,https://reissue.co/product/vichy-min-ral-89-hyaluronic-acid-face-moisturizer
Clinique,Moisture Surge 72-Hour Auto-Replenishing Hydrator,N/A,"Water\Aqua\Eau, Dimethicone, Butylene Glycol, Glycerin, Trisiloxane, Trehalose, Sucrose, Ammonium Acryloyldimethyltaurate/Vp Copolymer, Hydroxyethyl Urea, Camellia Sinensis (Green Tea) Leaf Extract, Silybum Marianum (Lady's Thistle) Extract, Betula Alba (Birch) Bark Extract, Saccharomyces Lysate Extract, Aloe Barbadensis Leaf Water, Thermus Thermophillus Ferment, Caffeine, Sorbitol, Palmitoyl Hexapeptide-12, Sodium Hyaluronate, Caprylyl Glycol, Oleth-10, Sodium Polyaspartate, Saccharide Isomerate, Hydrogenated Lecithin, Tocopheryl Acetate, Acrylates/C10-30 Alkyl Acrylate Crosspolymer, Glyceryl Polymethacrylate, Tromethamine, PEG-8, Hexylene Glycol, Magnesium Ascorbyl Phosphate, Disodium EDTA, BHT, Phenoxyethanol, Red 4 (Ci 14700), Yellow 5 (Ci 19140)",https://product-image-uploads.s3-ca-central-1.amazonaws.com//Clinique_Moisture_Surge_trade__72_Hour_Auto_Replenishing_Hydrator_30ml_1518191594_main.png,https://reissue.co/product/clinique-moisture-surge-72-hour-auto-replenishing-hydrator
Mario Badescu,"Facial Spray With Aloe, Herbs and Rosewater",N/A,"Aqua (Water, Eau), Propylene Glycol, Aloe Barbadensis Leaf Juice, Rosa Canina Extract, Thymus Vulgaris (Thyme) Leaf Extract, Fucus Vesiculosus Extract, Gardenia Florida Fruit Extract, Caprylyl Glycol, Hexylene Glycol, Polysorbate 20, Parfum (Fragrance), Phenoxyethanol, Sodium Chloride, Citronellol, Geraniol, CI 17200 (Red 33), CI 42090 (Blue 1)",https://product-image-uploads.s3-ca-central-1.amazonaws.com//facial-spray-with-aloe-herbs-and-rosewater.png,https://reissue.co/product/mario-badescu-facial-spray-with-aloe--herbs-and-rosewater
The Ordinary,Salicylic Acid 2% Solution,3.3,"Aqua (Water), Hamamelis Virginiana Leaf Water, Cocamidopropyl Dimethylamine, Salicylic Acid, Dimethyl Isosorbide, Trisodium Ethylenediamine Disuccinate, Citric Acid, Polysorbate 20, Hydroxyethylcellulose, Ethoxydiglycol, Potassium Sorbate, Sodium Benzoate, 1,2-Hexanediol, Caprylyl Glycol.",https://product-image-uploads.s3-ca-central-1.amazonaws.com//rdn-salicylic-acid-2pct-solution-30ml.png,https://reissue.co/product/the-ordinary-salicylic-acid-2--solution
Sunday Riley,Saturn Sulfur Acne Treatment Mask,N/A,"Water, Sulfur, Isoamyl Laurate, Cetyl Ethylhexanoate, Niacinamide, Gum Arabic, Bentonite, Hydroxyethyl Acrylate/Sodium Acryloyldimethyl Taurate Copolymer, Polyglyceryl-2 Caprate, Olive Oil Glyceryth-8 Esters, Zinc PCA, Allantoin, Dipotassium Glycyrrhizate, Melaleuca Alternifolia (Tea Tree) Leaf Oil, Leptospermum Scoparium (Manuka) Branch/Leaf Oil, Curcuma Longa (Turmeric) Root Extract, Corallina Officinalis Extract, Melia Azadirachta Leaf Extract, Amber Powder, Melia Azadirachta Flower Extract, Coccinia Indica Fruit Extract, Solanum Melongena (Eggplant) Leaf Extract, Ocimum Basilicum (Basil) Flower/Leaf Extract, Quartz, Polysorbate 60, Sorbitan Isostearate, Tocopherol, Disodium EDTA, Phenoxyethanol, Polysorbate 20, Alcohol Denat., Chlorphenesin, PEG-40 Hydrogenated Castor Oil, Caprylyl Glycol.",https://product-image-uploads.s3-ca-central-1.amazonaws.com//Saturn_SundayRiley.png,https://reissue.co/product/sunday-riley-saturn-sulfur-acne-treatment-mask
COSRX,BHA Blackhead Power Liquid,4.0,"Salix Alba (Willow) Bark Water, Butylene Glycol, Betaine Salicylate, Niacinamide, 1,2-Hexanediol, Arginine, Panthenol, Sodium Hyaluronate, Xanthan Gum, Ethyl Hexanediol",https://product-image-uploads.s3-ca-central-1.amazonaws.com//bha_powerliquid.png,https://reissue.co/product/cosrx-bha-blackhead-power-liquid
Lush,Mask of Magnaminty,N/A,"Bentone Gel (Hectorite), Kaolin, Honey Extract, Talc, Ground Aduki Beans (Phaseolus Angularis), Glycerine, Evening Primrose Seeds (Oenothera biennis), Peppermint Oil (Mentha Piperita), Tagetes Oil (Tagetes Minuta), Vanilla Absolute (Vanilla Planifolia), *Limonene, Fragrance, Methylparaben, Chlorophyllin (Chlorophyllin-Copper Complex).",https://product-image-uploads.s3-ca-central-1.amazonaws.com//maskofmagnity.png,https://reissue.co/product/lush-mask-of-magnaminty
Kiehl's,Calendula Herbal Extract Alcohol-Free Toner,N/A,"Aqua / Water / Eau, Propylene Glycol, Pentylene Glycol, Methylparaben, Disodium EDTA, Arctium Lappa Extract / Arctium Lappa Root Extract, Calendula Officinalis Extract / Calendula Officinalis Flower Extract, Hydrolyzed Corn Starch, Allantoin, Hedera Helix Extract - Ivy Leaf/Stem Extract, Althaea Officinalis / Althaea Officinalis Root Extract.",https://product-image-uploads.s3-ca-central-1.amazonaws.com//Calendula_Herbal_Extract_Alcohol_Free_Toner.png,https://reissue.co/product/kiehl-s-calendula-herbal-extract-alcohol-free-toner
Klairs,Midnight Blue Calming Cream,7.0,"Water, Cetyl Ethylhexanoate, Butylene Glycol, Glycerin, Sodium Hyaluronate, Caprylic/Capric Triglyceride, Centella Asiatica Extract, Sorbitan Stearate, Cetyl Alcohol, Butyrospermum Parkii (Shea) Butter, Argania Spinosa Kernel Oil, Simmondsia Chinensis (Jojoba) Seed Oil, Sorbitan Sesquioleate, Glyceryl Stearate, Stearic Acid, Portulaca Oleracea Extract, Anthemis Nobilis Flower Extract, Ceramide NP, Polysorbate 60, Bees Wax, Chlorphenesin, Tocopheryl Acetate, Xanthan Gum, Acrylates/C10-30 Alkyl Acrylate Crosspolymer, Morus Alba Root Extract, Triethanolamine, Brassica Oleracea Italica (Broccoli) Extract, Guaiazulene, Acetyl Hexapeptide-8, Lecithin, Acetyl Glutamine, sh-Oligopeptide-1, sh-Oligopeptide-2, sh-Polypeptide-1, sh-Polypeptide-9, sh-Polypeptide-11, Bacillus/Soybean/Folic Acid Ferment Extract, Caprylyl Glycol, 1,2-Hexanediol",https://product-image-uploads.s3-ca-central-1.amazonaws.com//blue_calmingcream.png,https://reissue.co/product/klairs-midnight-blue-calming-cream
The Ordinary,Caffeine Solution 5% + EGCG,4.75,"Aqua (Water), Caffeine, Maltodextrin, Glycerin, Propanediol, Epigallocatechin Gallatyl Glucoside, Gallyl Glucoside, Hyaluronic Acid, Oxidized Glutathione, Melanin, Glycine Soja (Soybean) Seed Extract, Urea, Pentylene Glycol, Hydroxyethylcellulose, Polyacrylate Crosspolymer-6, Xanthan Gum, Lactic Acid, Dehydroacetic Acid, Trisodium Ethylenediamine Disuccinate, Propyl Gallate, Dimethyl Isosorbide, Benzyl Alcohol, 1,2-Hexanediol, Ethylhexylglycerin, Phenoxyethanol, Caprylyl Glycol.",https://product-image-uploads.s3-ca-central-1.amazonaws.com//rdn-caffeine-solution-5pct-egcg-30ml.png,https://reissue.co/product/the-ordinary-caffeine-solution-5----egcg
Hada Labo,Goku-jyun Hyaluronic Acid Light Lotion,N/A,"Water, Dipropylene Glycol Dimethyl Ether, Alcohol, Glycerin, Disodium Succinate, Hydrolyzed Hyaluronic Acid, Methylparaben, PPG-10 Methyl Glucose Ether, Sodium Acetylated Hyaluronate, Sodium Hyaluronate, Succinic Acid",https://product-image-uploads.s3-ca-central-1.amazonaws.com//Moisture_light-lotion.png,https://reissue.co/product/hada-labo-goku-jyun-hyaluronic-acid-light-lotion
Avene,Thermal Spring Water,N/A,,https://product-image-uploads.s3-ca-central-1.amazonaws.com//thermal_water.png,https://reissue.co/product/avene-thermal-spring-water
Mario Badescu,Anti Acne Serum,N/A,"Aqua (Water, Eau), Glycerin, Triethanolamine, Isopropyl Alcohol, Salicylic Acid, Propylene Glycol, Carbomer, Thymus Vulgaris (Thyme) Leaf Extract, Sodium Chloride, Methylparaben, Propylparaben, Diazolidinyl Urea, CI 19140 (Yellow 5), CI 15985 (Yellow 6)",https://product-image-uploads.s3-ca-central-1.amazonaws.com//anti-acne-serum.png,https://reissue.co/product/mario-badescu-anti-acne-serum
Summer Fridays,Jet Lag Mask,N/A,"Water, Caprylic /Capric Triglyceride, Castanea Sativa (Chestnut) Seed Extract, Diheptyl Succinate, Capryloyl Glycerin/Sebacic Acid Copolymer, Pentylene Glycol, Butyrospermum Parkii (Shea) Butter, Cetearyl Alcohol, Niacinamide, Hydroxyethyl Acrylate/Sodium Acryloyldimethyl Taurate Copolymer, Glycerin, Sorbitan Stearate, Glyceryl Stearate, PEG 100 Stearate, Phenoxyethanol, Ethylhexylglycerin, Physalis Angulata Extract, Ceramide 3, Ceramide 6 II, Ceramide 1, Phytosphingosine, Cholesterol, Sodium Lauroyl Lactylate, Carbomer, Xanthan Gum, Sodium Hyaluronate, Aminopropyl Ascorbyl Phosphate, Tetrasodium Glutamate Diacetate, Arginine, Citric Acid, Tocopheryl Acetate, Mentha Arvensis (Cornmint) Oil, Mentha Piperita (Peppermint) Oil, Citrus Aurantium Dulcis (Orange) Peel Oil, Cucumis Sativus (Cucumber) Fruit Extract.",https://product-image-uploads.s3-ca-central-1.amazonaws.com//ProductImagery_750x.png,https://reissue.co/product/summer-fridays-jet-lag-mask
Farmacy,Green Clean,N/A,"Cetyl Ethylhexanoate, Caprylic/Capric Triglyceride, PEG-20 Glyceryl Triisostearate, PEG-10 Isostearate, Polyethylene, Phenoxyethanol, Sorbitan Sesquioleate, Citrus Aurantifolia (Lime) Oil, Citrus Aurantium Bergamia (Bergamot) Fruit Oil, Melia Azadirachta Leaf Extract, Melia Azadirachta Flower Extract, Amino Esters-1, Citrus Aurantium Dulcis (Orange) Peel Oil, Amber Powder, Cananga Odorata Flower Oil, Coccinia Indica Fruit Extract, Solanum Melongena (Eggplant) Fruit Extract, Curcuma Longa (Turmeric) Root Extract, Ocimum Sanctum Leaf Extract, Corallina Officinalis Extract, Moringa Oleifera Seed Oil, Zingiber Officinale (Ginger) Root Oil, Helianthus Annuus (Sunflower) Seed Oil, Water/ Aqua/ Eau, Glycerin, Butylene Glycol, Echinacea Purpurea Root Extract, Carica Papaya (Papaya) Fruit Extract, Moringa Pterygosperma Seed Extract, Disodium Phosphate, Citric Acid",https://product-image-uploads.s3-ca-central-1.amazonaws.com//Farmacy_GreenClean_.png,https://reissue.co/product/farmacy-green-clean
Pyunkang Yul,Essence Toner,N/A,"Astragalus Membranaceus Root Extract, 1,2-Hexanediol, Butylene Glycol, Bis-PEG-18 Methyl Ether Dimethyl Silane, Hydroxyethylcellulose, Carbomer, Arginine",https://product-image-uploads.s3-ca-central-1.amazonaws.com//7JeQ7IS87Iqk7Yag64SI20067Kg7Iqk7Yq4.png,https://reissue.co/product/pyunkang-yul-essence-toner
Dr.Dennis Gross,Alpha Beta Extra Strength Daily Peel - Packettes,N/A,"Step 1: Water/Aqua/Eau, Alcohol Denat. (SD Alcohol 40-B), Glycolic Acid, Potassium Hydroxide, Hamamelis Virginiana (Witch Hazel) Water, Salicylic Acid, Polysorbate 20, Lactic Acid, Mandelic Acid, Malic Acid, Citric Acid, Salix Alba (Willow) Bark Extract, Menthone Glycerin Acetal, Camellia Sinensis Leaf Extract, Achillea Millefolium Extract, Anthemis Nobilis (Chamomile) Flower Extract, Soy Isoflavones, Copper PCA, Zinc PCA, Lecithin, Disodium EDTA, Alcohol, Polysorbate 80, Fragrance (Parfum), Linalool, Benzyl Salicylate, Benzoic Acid, Phenoxyethanol, Sodium Benzoate Step 2: Water/Aqua/Eau, Sodium Bicarbonate, Resveratrol, Retinol, Ascorbic Acid, Ubiquinone, Ascorbyl Palmitate, Phospholipids, Retinyl Palmitate, Tocopheryl Acetate, Soy Isoflavones, Achillea Millefolium Extract , Camellia Sinensis Leaf Extract, Leuconostoc/Radish Root Ferment Filtrate, Copper PCA, Sodium PCA, Zinc PCA, Dimethicone, Lecithin, Polysorbate 20, Polysorbate 80, Alcohol, BHT, PEG-30 Stearate, Octoxynol-9, Tetrasodium EDTA, Sorbic Acid, Sodium Benzoate, Phenoxyethanol",https://product-image-uploads.s3-ca-central-1.amazonaws.com//i-017009-alpha-beta-extra-strength-daily-peel-60-day-packettes-2-940.png,https://reissue.co/product/dr-dennis-gross-alpha-beta-extra-strength-daily-peel---packettes
Clinique,Dramatically Different Moisturizing Gel,N/A,"Water / Aqua / Eau, Dimethicone, Isododecane, Butylene Glycol, Bis-PEG-18 Methyl Ether Dimethyl Silane, Glycerin, Laminaria Saccharina Extract, Polygonum Cuspidatum Root Extract, Saccharomyces Lysate Extract, Cucumis Sativus (Cucumber) Fruit Extract, Hordeum Vulgare (Barley) Extract / Extrait D'Orge, Helianthus Annuus (Sunflower) Seedcake, Caffeine, Trehalose, Sodium Hyaluronate, Tocopheryl Acetate, Chamomilla Recutita (Matricaria), Polysilicone-11, Silica, Propylene Glycol Dicaprate, Oleth-10, Lactobacillus Ferment, Laureth-23, Laureth-4, Ammonium Acryloyldimethyltaurate / VP Copolymer, Carbomer, Caprylyl Glycol, Hexylene Glycol, Tromethamine, Disodium EDTA, Phenoxyethanol, Potassium Sorbate, Yellow 5 (CI 19140), Red 4 (CI 14700), Yellow 6 (CI 15985).",https://product-image-uploads.s3-ca-central-1.amazonaws.com//020714222857_main.png,https://reissue.co/product/clinique-dramatically-different-moisturizing-gel
Innisfree,Super Volcanic Pore Clay Mask,N/A,"Water, Titanium Dioxide, Butylene Glycol, Volcanic Ash, Glycerin, Silica, Trehalose, Kaolin, Bentonite, Polyvinyl Alcohol, Caprylic/capric Triglyceride, Zinc Oxide (Ci 77947), Glyceryl Stearate, Cetearyl Alcohol, Juglans Regia (Walnut) Shell Powder, Camellia Sinensis Leaf Extract, Citrus Unshiu Peel Extract, Opuntia Coccinellifera Fruit Extract, Orchid Extract, Camellia Japonica Leaf Extract, PVP, PEG-100 Stearate, Polysorbate 60, Stearic Acid, Palmitic Acid, Hydrogenated Vegetable Oil, Xanthan Gum, Iron Oxides (Ci 77499), Zea Mays (Corn) Starch, Sorbitan Stearate, Polyacrylate-13, Mannitol, Microcrystalline Cellulose, Lactic Acid, Polyisobutene, Menthoxypropanediol, Ethylhexylglycerin, Tetrasodium Pyrophosphate, Polysorbate 20, Iron Oxides (Ci 77491), Disodium EDTA, Phenoxyethanol",https://product-image-uploads.s3-ca-central-1.amazonaws.com//13002_l.png,https://reissue.co/product/innisfree-super-volcanic-pore-clay-mask
Saturday Skin,Featherweight Daily Moisturizing Cream,N/A,"Water, Butylene Glycol, Ethylhexyl Palmitate, Glycerin, Cyclopentasiloxane, Dipropylene Glycol, Octyldodecyl Myristate, Silica, Cetearyl Alcohol, Cyclohexasiloxane, Polysorbate 60, 1,2-Hexanediol, Citrus Limon (Lemon) Peel Oil, Juniperus Mexicana Oil, Hydrolyzed Avocado Protein, Citrus Aurantium Dulcis (Orange) Peel Oil, Citrus Grandis (Grapefruit) Peel Oil, Eucalyptus Globulus Leaf Oil, Lavandula Angustifolia (Lavender) Oil, Rosmarinus Officinalis (Rosemary) Leaf Oil, Ananas Sativus (Pineapple) Fruit Extract, Pyrus Malus (Apple) Fruit Extract, Actinidia Chinensis (Kiwi) Fruit Extract, Fragaria Vesca (Strawberry) Fruit Extract, Prunus Persica (Peach) Fruit Extract, Vitis Vinifera (Grape) Fruit Extract, Ficus Carica (Fig) Fruit Extract, Ginkgo Biloba Nut Extract, Morus Alba Fruit Extract, Punica Granatum Fruit Extract, Phoenix Dactylifera (Date) Seed, Glyceryl Stearate, Ammonium Acryloyldimethyltaurate/VP Copolymer, Sorbitan Sesquioleate, Tromethamine, PEG-100 Stearate, Caprylyl Glycol, Cetearyl Olivate, Sorbitan Olivate, Stearic Acid, Dimethicone Crosspolymer, Dimethiconol, Hydrogenated Lecithin, Acrylates/C10-30 Alkyl Acrylate Crosspolymer, Ceteareth-20, Maltodextrin, Saccharide Hydrolysate, Cholesterol, PEG-800, Ascorbic Acid, Polysorbate 20, sh-Oligopeptide-1, sh-Polypeptide-1, sh-Oligopeptide-2, sh-Polypeptide-22, sh-Polypeptide-45, sh-Polypeptide-8, sh-Polypeptide-9, Carbomer, Xanthan Gum, Disodium EDTA, Phenoxyethanol.",https://product-image-uploads.s3-ca-central-1.amazonaws.com//featherweight_720x.png,https://reissue.co/product/saturday-skin-featherweight-daily-moisturizing-cream
COSRX,Ultimate Nourishing Rice Overnight Spa Mask,N/A,"Oryza Sativa (Rice) Extract, Butylene Glycol, Glycerin, Helianthus Annuus (Sunflower) Seed Oil, Betaine, Niacinamide, Dimethicone, 1,2-Hexanediol, Cetearyl Olivate, Sorbitan Olivate, Elaeis Guineensis (Palm) Oil, Elaeis Guineensis (Palm) Kernel Oil, Hydroxyethyl Acrylate/Sodium Acryloyldimethyl Taurate Copolymer, Cetearyl Alcohol, Ethylhexylglycerin, Arginine, Carbomer, Allantoin, Xanthan Gum",https://product-image-uploads.s3-ca-central-1.amazonaws.com//Ultiate-Nourishing-Rice-Overnight-Spa-Mask-Tube-4-1100x1101.png,https://reissue.co/product/cosrx-ultimate-nourishing-rice-overnight-spa-mask
Kiehl's,Midnight Recovery Concentrate,N/A,"Caprylic/Capric Triglyceride, Dicaprylyl Carbonate, Squalane, Rosa Canina Fruit Oil, Evening Primrose Oil, Jojoba Seed Oil, Coriander Seed Oil, Tocopherol, Lavender Oil, Pelargonium Graveolens Flower Oil, Linalool, Rosemary Leaf Oil, Citronellol, Geraniol, Lavandula Hybrida Oil, Cucumber Fruit Extract, Turmeric Root Extract, Limonene, Citral, Sclareolide, Rose Flower Oil, Jasmine Extract, Sunflower Seed Oil",https://product-image-uploads.s3-ca-central-1.amazonaws.com//Midnight_Recovery_Concentrate.png,https://reissue.co/product/kiehl-s--midnight-recovery-concentrate
COSRX,AHA/BHA Clarifying Treatment Toner,4.0,"Mineral Water, Salix Alba (Willow) Bark Water, Pyrus Malus (Apple) Fruit Water, Butylene Glycol, 1,2-Hexanediol, Sodium Lactate, Glycolic Acid, Betaine Salicylate, Allantoin, Panthenol, Ethyl Hexanediol",https://product-image-uploads.s3-ca-central-1.amazonaws.com//aha_12_liquid.png,https://reissue.co/product/cosrx-aha-bha-clarifying-treatment-toner
COSRX,Ultimate Moisturizing Honey Overnight Mask,N/A,"Propolis Extract, Butylene Glycol, Glycerin, Betaine, 1,2-Hexanediol, PEG-60 Hydrogenated Castor Oil, Arginine, Cassia Obtusifolia Seed Extract, Dimethicone, Ethylhexylglycerin, Carbomer, Sodium Hyaluronate, Beeswax, Allantoin, Panthenol, Sodium Polyacrylate, Adenosine",https://product-image-uploads.s3-ca-central-1.amazonaws.com//UltiateMoisturizingHoneyOvernightMaskTube-2-1100x1101.png,https://reissue.co/product/cosrx-ultimate-moisturizing-honey-overnight-mask
The Ordinary,Natural Moisturizing Factors + HA,6.75,"Aqua (Water), Caprylic/Capric Triglyceride, Cetyl Alcohol, Propanediol, Stearyl Alcohol, Glycerin, Sodium Hyaluronate, Arginine, Aspartic Acid, Glycine, Alanine, Serine, Valine, Isoleucine, Proline, Threonine, Histidine, Phenylalanine, Glucose, Maltose, Fructose, Trehalose, Sodium PCA, PCA, Sodium Lactate, Urea, Allantoin, Linoleic Acid, Oleic Acid, Phytosteryl Canola Glycerides, Palmitic Acid, Stearic Acid, Lecithin, Triolein, Tocopherol, Carbomer, Isoceteth-20, Polysorbate 60, Sodium Chloride, Citric Acid, Trisodium Ethylenediamine Disuccinate, Pentylene Glycol, Triethanolamine, Sodium Hydroxide, Phenoxyethanol, Chlorphenesin.",https://product-image-uploads.s3-ca-central-1.amazonaws.com//rdn-natural-moisturizing-factors-ha-100ml.png,https://reissue.co/product/the-ordinary-natural-moisturizing-factors---ha
The Body Shop,Skin Defence Multi-Protection Essence SPF50,N/A,"Aqua/Water/Eau, Alcohol Denat., Ethylhexyl Methoxycinnamate, Neopentyl Glycol Diheptanoate, Butyl Methoxydibenzoylmethane, Butylene Glycol, Dimethicone, Glycerin, Polymethyl Methacrylate, Cetearyl Alcohol, Phenoxyethanol, Octocrylene, Chlorphenesin, Acrylates/C10-30 Alkyl Acrylate Crosspolymer, Cetearyl Glucoside, Sclerocarya Birrea Seed Oil, Parfum/Fragrance, 3-O-Ethyl Ascorbic Acid, Sodium Hydroxide, Palmaria Palmata Extract, Carbomer, Linalool, Tocopherol, Limonene, Citronellol.",https://product-image-uploads.s3-ca-central-1.amazonaws.com//skin-defence-multi-protection-essence-spf50-1075087-60ml-1-640x640.png,https://reissue.co/product/the-body-shop-skin-defence-multi-protection-essence-spf50
Biossance,100% Squalane Oil,N/A,100% Plant Derived Squalane,https://product-image-uploads.s3-ca-central-1.amazonaws.com//oil01.png,https://reissue.co/product/biossance-100--squalane-oil
Garnier,Micellar Water All-In-1 Cleansing Water Waterproof Make-Up,N/A,"Aqua/Water, Cyclopentasiloxane, Isohexadecane, Potassium Phosphate, Sodium Chloride, Hexylene Glycol, Dipotassium Phosphate, Disodium EDTA, Decyl Glucoside, Polyaminopropyl Biguanide",https://product-image-uploads.s3-ca-central-1.amazonaws.com//Clean_MicellarWater_Shake_400ml_New.png,https://reissue.co/product/garnier-micellar-water-all-in-1-cleansing-water-waterproof-make-up
Neutrogena,Hydro Boost Hydrating 100% Hydrogel Mask,N/A,"Water, Dipropylene Glycol, Propanediol, Ceratonia Siliqua (Carob) Gum, Xanthan Gum, Chondrus Crispus Extract, Chlorphenesin, PEG-60 Hydrogenated Castor Oil, Phenoxyethanol, Potassium Chloride, Fragrance, Disodium EDTA, Hydrolyzed Hyaluronic Acid, Tremella Fuciformis Sporocarp Extract, Plukenetia Volubilis Seed Oil, Sucrose Cocoate, Tocopherol, Blue 1",https://product-image-uploads.s3-ca-central-1.amazonaws.com//hydrogelmask-hero.png,https://reissue.co/product/neutrogena-hydro-boost-hydrating-100--hydrogel-mask
COSRX,Two In One Poreless Power Liquid,4.5,"Salix Alba (Willow) Bark Water, Butylene Glycol, Hydroxypropyl Cyclodextrin, Water, Pentylene Glycol, 1,2-Hexanediol, Betaine Salicylate, Arginine, Betaine, PEG-60 Hydrogenated Castor Oil, Allantoin, Panthenol, Ethylhexylglycerin, Sodium Hyaluronate, Carbomer, Cassia Obtusifolia Seed Extract, Menthyl Lactate, Mentha Haplocalix Extract",https://product-image-uploads.s3-ca-central-1.amazonaws.com//2in1_poreless_liquid-1.png,https://reissue.co/product/cosrx-two-in-one-poreless-power-liquid
Kiehl's,Rare Earth Deep Pore Cleansing Face Mask,N/A,"Water, Kaolin, Bentonite, Propanediol, Glycerin, Titanium Dioxide, Caprylic/Capric Triglyceride, Cetearyl Alcohol, Corn Starch, Phenoxyethanol, Ceterath-20, Caprylyl Glycol, Ethylhexylglycerin, Tocopherol, Lecithin, Aloe Barbadensis Leaf Juice, Oat Kernel Flour, Allantoin.",https://product-image-uploads.s3-ca-central-1.amazonaws.com//Rare_Earth_Pore_Cleansing_Masque.png,https://reissue.co/product/kiehl-s--rare-earth-deep-pore-cleansing-face-mask
Glossier,Priming Moisturizer,N/A,"Aqua/Water/Eau, Tridecyl Stearate, Neopentyl Glycol Dicaprylate/Dicaprate, Stearic Acid, Propanediol, Tridecyl Trimellitate, Palmitic Acid, Glyceryl Stearate SE, Tropaeolum Majus Flower/Leaf/Stem Extract, Phenyl Trimethicone Lonicera Japonica (Honeysuckle) Flower Extract, Lonicera Caprifolium (Honeysuckle) Flower Extract, Butyrospermum Parkii (Shea) Butter, Aloe Barbadensis Leaf Juice, Tremella Fuciformis Sporocarp Extract, Beeswax/Cera Alba/Cire d'Abeille, Mel/Honey Extract/Extrait de Miel, Boswellia Serrata Extract, Phospholipids, Camellia Sinensis Leaf Extract, Aspalathus Linearis Leaf Extract, Tetrapeptide-14, Tocopheryl Acetate, Retinyl Palmitate, Ascorbyl Palmitate, Hyaluronic Acid, Glycerin, Polyacrylamide, Trisodium Ethylenediamine Disuccinate, Butylene Glycol, C13-14 Isoparaffin, Citric Acid, Cetyl Palmitate, Betaine, Potassium Sorbate, Ceteareth-20, Laureth-7, Phenoxyethanol, Sodium Benzoate.",https://product-image-uploads.s3-ca-central-1.amazonaws.com//priming_moisturizer.png,https://reissue.co/product/glossier-priming-moisturizer
Saturday Skin,Wide Awake Brightening Eye Cream,N/A,,https://product-image-uploads.s3-ca-central-1.amazonaws.com//wide-awake_af26cebe-be0d-45eb-bf7f-012c11633de6_720x.png,https://reissue.co/product/saturday-skin-wide-awake-brightening-eye-cream
The Ordinary,Lactic Acid 10% + HA,3.7,"Aqua (Water), Lactic Acid, Glycerin, Pentylene Glycol, Propanediol, Sodium Hydroxide, Sodium Hyaluronate Crosspolymer, Tasmannia Lanceolata Fruit/Leaf Extract, Acacia Senegal Gum, Xanthan Gum, Isoceteth-20, Trisodium Ethylenediamine Disuccinate, Ethylhexylglycerin, 1,2-Hexanediol, Caprylyl Glycol.",https://product-image-uploads.s3-ca-central-1.amazonaws.com//rdn-lactic-acid-10pct-ha-2pct-30ml.png,https://reissue.co/product/the-ordinary-lactic-acid-10----ha
Benton,Snail Bee High Content Essence,N/A,"Aqua(Water), Snail Secretion Filtrate, Butylene Glycol, Glycerin, Niacinamide, 1,2-Hexanediol, Aloe Barbadensis Leaf Juice, sh-Oligopeptide-1, Bee Venom, Plantago Asiatica Extract, Laminaria Digitata Extract, Diospyros Kaki Leaf Extract, Salix Alba (Willow) Bark Extract, Ulmus Campestris (Elm) Bark Extract, Althaea Rosea Root Extract, Aloe Barbadensis Leaf Extract, Beta-Glucan, Betaine, Acrylates/C10-30 Alkyl Acrylate Crosspolymer, Adenosine, Panthenol, Allantoin, Pentylene Glycol, Zanthoxylum Piperitum Fruit Extract, Pulsatilla Koreana Extract, Usnea Barbata (Lichen) Extract, Polysorbate 20, Lecithin, Arginine",https://product-image-uploads.s3-ca-central-1.amazonaws.com//high_content)essence.png,https://reissue.co/product/benton-snail-bee-high-content-essence
Kiehl's,Creamy Eye Treatment with Avocado,N/A,"Aqua/Water, Butyrospermum Parkii Butter/Shea Butter, Butylene Glycol, Tridecyl Stearate, Isodecyl Salicylate, PEG-30, Dipolyhydroxystearate, Tridecyl Trimellitate, Persea Gratissima Oil/Avocado Oil, Isocetyl Stearoyl Stearate, Propylene Glycol, Dipentaerythrityl Hexacaprylate/Hexacaprate, Sorbitan Sesquioleate, Magnesium Sulfate, Phenoxyethanol, Hydrogenated Castor Oil, Sodium PCA, Ozokerite, Methylparaben, Tocopheryl Acetate, Isopropyl Palmitate, Disodium EDTA, Copper PCA, Butylparaben, Ethylparaben, Propylparaben, Helianthus Annuus Seed Oil/Sunflower Seed Oil, CI 75130/Beta-Carotene, Tocopherol, Citric Acid.",https://product-image-uploads.s3-ca-central-1.amazonaws.com//Creamy_Eye_Treatment_with_Avocado.png,https://reissue.co/product/kiehl-s-creamy-eye-treatment-with-avocado
The Ordinary,Lactic Acid 5% + HA,3.7,"Aqua (Water), Lactic Acid, Glycerin, Pentylene Glycol, Propanediol, Sodium Hyaluronate Crosspolymer, Tasmannia Lanceolata Fruit/Leaf Extract, Hydroxyethylcellulose, Isoceteth-20, Trisodium Ethylenediamine Disuccinate, Sodium Hydroxide, Ethylhexylglycerin, 1,2-Hexanediol, Caprylyl Glycol.",https://product-image-uploads.s3-ca-central-1.amazonaws.com//rdn-lactic-acid-5pct-ha-2pct-30ml.png,https://reissue.co/product/the-ordinary-lactic-acid-5----ha
La Roche-Posay,Thermal Spring Water,N/A,,https://product-image-uploads.s3-ca-central-1.amazonaws.com//Thermal-Spring-Water-300ML.png,https://reissue.co/product/la-roche-posay-thermal-spring-water
Bioderma,Sensibio Micellar Water,N/A,"Water (Aqua), PEG-6 Caprylic/Capric Glycerides, Cucumis Sativus (Cucumber) Fruit Extract, Mannitol, Xylitol, Rhamnose, Fructooligosaccharides, Propylene Glycol, Disodium EDTA, Cetrimonium Bromide.",https://product-image-uploads.s3-ca-central-1.amazonaws.com//SensibioH2O_Bioderma.png,https://reissue.co/product/bioderma-sensibio-micellar-water
Glossier,Super Pure,N/A,"Water/Aqua/Eau, Niacinamide, Glycereth-26, Propanediol, Zinc PCA, Citric Acid, Lonicera Caprifolium (Honeysuckle) Extract, Peg-12 Dimethicone, Lonicera Japonica (Honeysuckle) Flower Extract, Hydroxyethylcellulose",https://product-image-uploads.s3-ca-central-1.amazonaws.com//superpure.png,https://reissue.co/product/glossier-super-pure
Mario Badescu,Enzyme Cleansing Gel,N/A,"Aqua (Water, Eau), Glycerin, Propylene Glycol, PEG-8 Stearate, PPG-2 Hydroxyethyl Cocamide, Carica Papaya (Papaya) Fruit Extract, Citrus Grandis (Grapefruit) Fruit Extract, Carbomer, Sodium Chloride, Parfum (Fragrance), Phenoxyethanol, Methylparaben, Propylparaben, Triethanolamine, Diazolidinyl Urea, Mica, CI 77891 (Titanium Dioxide), CI 19140 (Yellow 5), CI 42090 (Blue 1), CI 15985 (Yellow 6)",https://product-image-uploads.s3-ca-central-1.amazonaws.com//enzyme-cleansing-gel.png,https://reissue.co/product/mario-badescu-enzyme-cleansing-gel
The Face Shop,Jeju Volcanic Lava Self-Heating Clay Mask,N/A,"Glycerin, Kaolin, Volcanic Ash, Silica, PPG-9 Diglyceryl Ether, Polyglyceryl-10 Laurate, Water/Eau, Sasa Quelpaertensis Extract, Hizikia Flisiforme Extract, Akebia Quinata Extract, Carbomer, Acrylates/c10-30 Alkyl Acrylate Crosspolymer, Tromethamine, Triethanolamine",https://product-image-uploads.s3-ca-central-1.amazonaws.com//jeju-volcanic-lava-masque-auto-chauffant-a-largile-34350034.png,https://reissue.co/product/the-face-shop-jeju-volcanic-lava-self-heating-clay-mask
Hada Labo,Goku-Jyun Cleansing Oil,N/A,"Ethylhexyl Palmitate, Triethylhexanoin, Sorbeth-30 Tetraisostearate, PEG-20 Glyceryl Triisostearate, Olea Europaea (Olive) Fruit Oil, Water, Dextrin Palmitate/Ethylhexanoate, BHT, Simmondsia Chinensis (Jojoba) Seed Oil, Sodium Acetylated Hyaluronate, Hydroxypropyltrimonium Hyaluronate.",https://product-image-uploads.s3-ca-central-1.amazonaws.com//HadaLabo_CleasingOil.png,https://reissue.co/product/hada-labo-goku-jyun-cleansing-oil
Clinique,Take The Day Off Cleansing Balm,N/A,"Ethylhexyl Palmitate, Carthamus Tinctorius (Safflower) Seed Oil, Caprylic/Capric Triglyceride, Sorbeth-30 Tetraoleate, Polyethylene, PEG-5 Glyceryl Triisostearate, Water\Aqua\Eau, Tocopherol, Phenoxyethanol",https://product-image-uploads.s3-ca-central-1.amazonaws.com//2809429_fpx.png,https://reissue.co/product/clinique-take-the-day-off-cleansing-balm
Benton,Aloe BHA Skin Toner,N/A,"Aloe Barbadensis Leaf Water(80%), Aqua (Water), Butylene Glycol, Glycerin, 1,2-Hexanediol, Sodium Hyaluronate, Snail Secretion Filtrate, Beta-Glucan, Polyglutamic Acid, Aspalathus Linearis Extract, Portulaca Oleracea Extract, Psidium Guajava Fruit Extract, Salicylic Acid(0.5%), Althaea Rosea Root Extract, Aloe Barbadensis Leaf Extract(200mg), Aloe Barbadensis Leaf Juice(200mg), Arginine, Pentylene Glycol, Zanthoxylum Piperitum Fruit Extract, Pulsatilla Koreana Extract, Usnea Barbata (Lichen) Extract, Polysorbate 20, Acrylates/C10-30 Alkyl Acrylate Crosspolymer, Xanthan Gum",https://product-image-uploads.s3-ca-central-1.amazonaws.com//bha_skintoner.png,https://reissue.co/product/benton-aloe-bha-skin-toner
Biossance,Squalane + Vitamin C Rose Oil,N/A,"Squalane, Pistacia Lentiscus (Mastic) Gum, Rosa Damascena Flower Extract, Tetrahexyldecyl Ascorbate, Caprylic/Capric Triglyceride, Geraniol",https://product-image-uploads.s3-ca-central-1.amazonaws.com//vitamin_rose_oil.png,https://reissue.co/product/biossance-squalane---vitamin-c-rose-oil
Heimish,All Clean Balm,N/A,"Ethylhexyl Palmitate, Cetyl Ethylhexanoate, PEG-20 Glyceryl Triisostearate, Polyethylene, PEG-8 Isostearate, Butyrospermum Parkii (Shea) Butter, Cocos Nucifera (Coconut) Fruit Extract, Citrus Aurantifolia (Lime) Fruit Extract, Freesia Refracta Extract, Iris Versicolor Extract, Jasminum Officinale (Jasmine) Extract, Lilium Tigrinum Extract, Leontopodium Alpinum Extract, Nelumbium Speciosum Flower Extract, Narcissus Pseudo-Narcissus (Daffodil) Flower Extract, Rose Extract, Citrus Aurantium Dulcis (Orange) Peel Oil, Lavandula Angustifolia (Lavender) Oil, Pelargonium Graveolens Flower Oil, Amyris Balsamifera Bark Oil, Citrus Paradisi (Grapefruit) Peel Oil, Eucalyptus Globulus Leaf Oil, Melaleuca Alternifolia (Tea Tree) Leaf Oil, Juniperus Mexicana Oil, Boswellia Carterii Oil, Citrus Aurantium Bergamia (Bergamot) Fruit Oil, Tocopheryl Acetate, 1, 2-Hexanediol",https://product-image-uploads.s3-ca-central-1.amazonaws.com//0100020000042.png,https://reissue.co/product/heimish-all-clean-balm
Origins,Ginzing Energy-Boosting Gel Moisturizer,N/A,"Water\Aqua\Eau, Methyl Trimethicone, Butylene Glycol, Glycerin, Jojoba Esters, Panthenol, Dicaprylyl Carbonate, Citrus Limon (Lemon) Peel Oil*, Citrus Grandis (Grapefruit) Peel Oil*, Mentha Viridis (Spearmint) Leaf Oil*, Limonene, Aloe Barbadensis Leaf Extract, Butyrospermum Parkii (Shea Butter), Simmondsia Chinensis (Jojoba) Butter, Castanea Sativa (Chestnut) Seed Extract, Rubus Idaeus (Raspberry) Leaf Wax, Dimethicone, Coleus Barbatus Extract, Hordeum Vulgare (Barley) Extract\Extrait D'Orge, Trehalose, Triticum Vulgare (Wheat) Germ Extract, Panax Ginseng (Ginseng) Root Extract, Ammonium Acryloyldimethyltaurate/Vp Copolymer, Salicylic Acid, Foeniculum Vulgare (Fennel) Seed Extract, Rosmarinus Officinalis (Rosemary) Leaf Extract, Phospholipids, Tocopheryl Acetate, Sodium PCA, Arginine, Caffeine, Cholesterol, Linoleic Acid, Biotin, Folic Acid, Tetrahexyldecyl Ascorbate, Polysilicone-11, Carbomer, Pantethine, Squalane, Sodium Hyaluronate, Hexylene Glycol, Lecithin, Calcium Carbonate, Caprylyl Glycol, Ethylhexylglycerin, Tromethamine, Phenoxyethanol * Essential Oil",https://product-image-uploads.s3-ca-central-1.amazonaws.com//9198572_fpx.png,https://reissue.co/product/origins-ginzing-energy-boosting-gel-moisturizer
Laneige,Water Sleeping Mask,N/A,"Water, Butylene Glycol, Cyclopentasiloxane, Glycerin, Cyclohexasiloxane, Trehalose, Sodium Hyaluronate, Oenothera Biennis (Evening Primrose) Root Extract, Prunus Armeniaca (Apricot) Fruit Extract, Beta-Glucan, Chenopodium Quinoa Seed Extract, Ascorbyl Glucoside, Magnesium Sulfate, Zinc Sulfate, Manganese Sulfate, Calcium Chloride, Potassium Alginate, Ammonium Acryloyldimethyltaurate / VP Copolymer, Polysorbate 20, Dimethicone, Dimethiconol, Dimethicone / Vinyl Dimethicone Crosspolymer, Propanediol, Ethylhexylglycerin, Stearyl Behenate, Polyglyceryl-3 Methylglucose Distearate, Hydroxypropyl Bispalmitamide MEA, Inulin Lauryl Carbamate, Alcohol, 1,2-Hexanediol, Caprylyl Glycol, Carbomer, Tromethamine, Disodium EDTA, Phenoxyethanol, Fragrance, Blue 1 (Ci 42090).",https://product-image-uploads.s3-ca-central-1.amazonaws.com//WaterSleepingMask_Laneige.png,https://reissue.co/product/laneige-water-sleeping-mask
Yes To,Detoxifying Charcoal 2-in-1 Scrub & Cleanser Stick,N/A,"Water (Aqua), Sodium Cocoyl Isethionate, Glycerin, Propanediol, Cocos Nucifera (Coconut) Oil, Sodium Methyl Cocoyl Taurate, Stearic Acid, Myristic Acid, Perlite, Lauramine Oxide, Sodium Hydroxide, Potassium Hydroxide, Glycerol Caprylate, Charcoal Powder, Solanum Lycopersicum (Tomato) Fruit Extract, Solanum Lycopersicum (Tomato) Seed Oil, Limnanthes Alba (Meadowfoam) Seed Oil, Persea Gratissima (Avocado) Oil, Kaolin, Glycerol Undecylenate, Fragrance (Parfum), Benzyl Benzoate, Coumarin, Butylphenyl Methylpropanal.",https://product-image-uploads.s3-ca-central-1.amazonaws.com//Charcoal-2-in-1.png,https://reissue.co/product/yes-to-detoxifying-charcoal-2-in-1-scrub---cleanser-stick
Tatcha,Luminous Dewy Skin Mist,N/A,"Water, Glycerin, Squalane (Olive Origin), Cyclopentasiloxane, Propanediol, Triethylhexanoin, Camellia Japonica Seed Oil, Inositol (Rice Extract), Algae Extract, Sericin (Silk Extract), Glycyrrhiza Glabra (Licorice) Root Extract, Oryza Sativa (Rice) Germ Oil, Camellia Sinensis (Green Tea) Leaf Extract, Chondrus Crispus (Red Algae) Extract, Panax Ginseng Root Extract, Royal Jelly Extract, Zizyphus Jujuba Fruit Extract,Thymus Serpillum (Thyme) Extract, Scutellaria Baicalensis Root Extract, Polyglyceryl-2 Diisostearate, PPG-5-ceteth-10 Phosphate, Trideceth-12, Sodium Lauroyl Lactylate, Sorbitan Stearate, Ethylhexylglycerin, Behenyl Alcohol, Glyceryl Stearate SE, Fragrance (Natural), Sodium Hyaluronate, Alcohol, Phenoxyethanol. *Hadasei-3",https://product-image-uploads.s3-ca-central-1.amazonaws.com//dewyskinmist.png,https://reissue.co/product/tatcha-luminous-dewy-skin-mist
