UPC,Product Name
856556004043,Drunk Elephant Pekee Bar (TM) 4 oz/ 113 g
856556004036,Drunk Elephant JuJu Bar (TM) 4 oz/ 113 g
856556004005,Drunk Elephant Virgin Marula (TM) Luxury Facial Oil 1 oz/ 30 mL
856556004197,Drunk Elephant Lala Retro Whipped Cream 1.69 oz
856556004029,Drunk Elephant Umbra (TM) Sheer Physical Defense SPF 30 3.3 oz
856556004111,Drunk Elephant C-Firma (TM) Day Serum
856556004180,Drunk Elephant B Hydra (TM) Intensive Hydration Gel 1.69 oz
787734406444,Drunk Elephant JuJu Bar
787734529938,Drunk Elephant Virgin Marula Luxury Facial Oil 1oz
787734197328,"Drunk Elephant Shaba Complex Eye Serum, 0.5 Fluid Ounce"
787734476591,Drunk Elephant Spf 30 Umbra Sheer Physical Defense Sunscreen 3.3 Fluid Ounce
856556004012,"Drunk Elephant C-Firma Day Serum, 1 Fluid Ounce"
856556004067,Drunk Elephant TLC Framboos Glycolic Night Serum
856556004074,Drunk Elephant Shaba Complex (TM) Eye Serum 0.5 oz/ 15 mL
856556004104,Drunk Elephant Baby Pekee Bar (TM) + Juju Bar (TM) Travel Duo
856556004128,Drunk Elephant T.L.C. Framboos (TM) Glycolic Night Serum 1 oz/ 30 mL
856556004258,Drunk Elephant Lala Retro Whipped Cream Deluxe Sample/travel Size 5ml
856556004173,Drunk Elephant Lippe (TM) 0.13 oz
689721692178,Best of Elmo's World DVD Collection by Sesame Street
689992401592,Drunk Elephant Nightbright Duo - Nighttime Skincare Routine With T.l.c. Framboos
692625073479,In Box Drunk Elephant Tlc Framboos Glycolic Night Serum 1 Fl Oz
850155008525,Drunk Elephant D-bronzi Anti-pollution Sunshine Serum Trial Size - 0.17 Oz/ 5 Ml
856556004241,Drunk Elephant B-hydra Intensive Hydration Gel 8 Ml .27 Oz
856556004265,Brand Summer Drunk Elephant Beste Jelly Face Cleanser
000015177643,Drunk Elephant Umbra Sheer Physical Defense Sunscreen Spf 30 15 Ml/ .5 Fl Oz
307682446158,"Drunk Elephant C-firma Day Serum, 1 Fluid Ounce"
600186858947,Polypeptide Cream Drunk Elephant Unscented Water Lily Blend Face Mosturizer
655711948105,Drunk Elephant Serum Tlc Framboos Glycolic Night Serum 5 Ml Each X 2
655711948112,Drunk Elephant Serum Tlc Framboos Glycolic Night Serum 5 Ml. Huge Saving
656793030290,Drunk Elephant C-firma Day Serum 1 Fl Oz 30 Ml. Brand
679016787344,Drunk Elephant Virgin Marula Luxury Facial Oil - Gluten-free And Vegan
680474588732,Drunk Elephant Full Sized Retro Renew Facial Duo- Skin Renewal Facial Duo With
689308832218,Drunk Elephant Nightbright Duo - Nighttime Skincare Routine With T.l.c.
689550688823,Drunk Elephant Umbra Sheer Daily Defense - Broad Spectrum Spf 30 Sunscreen With
689719005522,Drunk Elephant Rise + Glow Duo - Morning Skin Care Set. C-firma Day Serum And B5
689737817916,Drunk Elephant Virgin Marula Luxury Facial Oil - Gluten-free And Vegan Skin Care
689738891106,Drunk Elephant Hot Date Limited Edition
689739014597,Drunk Elephant Travel Duo Baby Bars
689739050717,Drunk Elephant Let’s B Clear 2016 Holiday Limited Edition
689740479835,Drunk Elephant Virgin Marula Luxury Facial Oil - Gluten-free And Vegan Skin Care
689741425084,"Drunk Elephant Pekee Bar - Multi-tasking Face Wash, Toner And Moisturizing Bar 4"
689744324681,Drunk Elephant Hit It Off Face Wash And Facial Moisturizer Set 1 Fl Oz. Beste .5
689744332327,Drunk Elephant Rise + Glow Duo - Morning Skin Care Set. C-firma Day Serum And B5
689828743926,Drunk Elephant T.l.c. Framboos Glycolic Night Serum - Skin Care Brightening Nigh
689828955176,Drunk Elephant Rise + Glow Duo - Morning Skin Care Set. C-firma Day Serum And B5
689851961359,Drunk Elephant C-firma Day Serum
689854126298,Drunk Elephant - Umbra Sheer Physical Defense Spf 30
689854133388,Drunk Elephant Virgin Marula Luxury Facial Oil
689990887756,Drunk Elephant Letâ�?��s B Clear 2016 Holiday Limited Edition
689991267953,Drunk Elephant T.l.c. Framboos Glycolic Night Serum - Skin Care Brightening 1 Fl
689992403961,Drunk Elephant Beste No. 9 Jelly Cleanser - Gentle Face Wash And Makeup Remover
689992423969,"Drunk Elephant The Littles Kit. Travel Size Skin Care Kit 2 Facial Cleansers, 30"
689992425444,Drunk Elephant Hit It Off Face Wash And Facial Moisturizer Set 1 Fl Oz. Beste .5
690000730443,Drunk Elephant Virgin Marula Luxury Facial Oil - Gluten-free And Vegan Skin Care
691038255182,Drunk Elephant Virgin Marula Luxury Facial Oil - Gluten-free And Vegan Skin Care
691039257956,Drunk Elephant Nightbright Duo - Nighttime Skincare Routine With T.l.c. Framboos
692756706727,Drunk Elephant Beste No. 9 Jelly Cleanser - Gentle Face Wash And Makeup Remover
692758588314,In Box Drunk Elephant C Firma Day Serum Full Size 1 Oz Free Shipping
695634436105,Drunk Elephant Umbra Tinte Physical Daily Defense Broad Spectrum Sunscreen Spf
695636978269,Drunk Elephant T.l.c. Sukari Babyfacial - Aha/bha Exfoliator And Facial Cleanser
695637140160,Drunk Elephant Rise + Glow Duo - Morning Skin Care Set. C-firma Day Serum And B5
696229292458,Drunk Elephant Rise + Glow Duo - Morning Skin Care Set. C-firma Day Serum And...
705353245947,Drunk Elephant T.l.c. Framboos Glycolic Night Serum - Skin Care Brightening Nigh
711181305814,Drunk Elephant Virgin Marula Luxury Facial Oil - Gluten-free And Vegan Anti-agin
787734309639,Drunk Elephant C Firma Day Serum 8ml
850155008013,Drunk Elephant C-tango Multivitamin Eye Cream Full Size Bnib
850155008037,"Drunk Elephant Acid Triptlc Framboos, C-firma, Virgin Marula (pls Read)"
850155008419,Drunk Elephant C-tango Multivitamin Eye Cream .17oz/5ml Deluxe Travel Size -
850155008464,Drunk Elephant Hit It Off™ Duo
850155008884,Drunk Elephant D-bronzi Anti-pollution Sunshine Serum Travel Size (0.17oz/5ml)
856556004135,Brand Drunk Elephant C Firma Day Serum Firm + Brighten 0.27oztravelsize
856556004142,Drunk Elephant T.l.c. Framboos Glycolic Night Serum .27 Oz / 8 Ml Travel
856556004159,Brand Drunk Elephant Virgin Marula Luxury Facial Oil 0.27oztravelsize
856556004227,"Drunk Elephant The Littles Kit. Travel Size Skin Care Kit (2 Facial Cleansers, S"
856556004234,Drunk Elephant B Hydra Intensive Hydration Gel Travel Size 5 Ml Nwob
